name,bugs,path
list_reverse,0,bash-3.2/list.c
list_length,0,bash-3.2/list.c
list_append,0,bash-3.2/list.c
free,0,bash-3.2/lib/malloc/malloc.c
pow_10,0,bash-3.2/lib/sh/snprintf.c
log_10,0,bash-3.2/lib/sh/snprintf.c
integral,0,bash-3.2/lib/sh/snprintf.c
numtoa,1,bash-3.2/lib/sh/snprintf.c
init_data,0,bash-3.2/lib/sh/snprintf.c
init_conv_flag,0,bash-3.2/lib/sh/snprintf.c
floating,1,bash-3.2/lib/sh/snprintf.c
exponent,1,bash-3.2/lib/sh/snprintf.c
number,1,bash-3.2/lib/sh/snprintf.c
pointer,1,bash-3.2/lib/sh/snprintf.c
strings,0,bash-3.2/lib/sh/snprintf.c
dfallback,0,bash-3.2/lib/sh/snprintf.c
groupnum,0,bash-3.2/lib/sh/snprintf.c
xfree,0,bash-3.2/lib/malloc/xmalloc.c
xmalloc,0,bash-3.2/lib/termcap/termcap.c
wait_sigint_handler,0,bash-3.2/jobs.c
malloc,0,bash-3.2/lib/malloc/malloc.c
isinf,0,bash-3.2/lib/sh/snprintf.c
isnan,0,bash-3.2/lib/sh/snprintf.c
chkinfnan,0,bash-3.2/lib/sh/snprintf.c
vsnprintf_internal,1,bash-3.2/lib/sh/snprintf.c
vsnprintf,0,bash-3.2/lib/sh/snprintf.c
snprintf,0,bash-3.2/lib/sh/snprintf.c
vasprintf,0,bash-3.2/lib/sh/snprintf.c
asprintf,0,bash-3.2/lib/sh/snprintf.c
realloc,0,bash-3.2/lib/malloc/malloc.c
malloc_watch,0,bash-3.2/lib/malloc/watch.c
malloc_unwatch,0,bash-3.2/lib/malloc/watch.c
send_pwd_to_eterm,0,bash-3.2/eval.c
alrm_catcher,0,bash-3.2/eval.c
reader_loop,0,bash-3.2/eval.c
signal_is_ignored,0,bash-3.2/trap.c
sigint_sighandler,0,bash-3.2/sig.c
dispose_command,0,bash-3.2/dispose_cmd.c
command_error,0,bash-3.2/error.c
dispose_used_env_vars,0,bash-3.2/variables.c
read_command,0,bash-3.2/eval.c
execute_command,0,bash-3.2/execute_cmd.c
termsig_handler,0,bash-3.2/sig.c
throw_to_top_level,0,bash-3.2/sig.c
jump_to_top_level,0,bash-3.2/sig.c
get_string_value,0,bash-3.2/variables.c
get_working_directory,1,bash-3.2/builtins/common.c
parse_command,0,bash-3.2/eval.c
run_pending_traps,0,bash-3.2/trap.c
execute_variable_command,0,bash-3.2/y.tab.c
yyparse,0,bash-3.2/y.tab.c
gather_here_documents,0,bash-3.2/y.tab.c
set_current_prompt_level,0,bash-3.2/y.tab.c
find_variable,0,bash-3.2/variables.c
memory_error_and_abort,0,bash-3.2/lib/malloc/xmalloc.c
xmalloc,0,bash-3.2/lib/malloc/xmalloc.c
xrealloc,0,bash-3.2/lib/malloc/xmalloc.c
tparam1,0,bash-3.2/lib/termcap/tparam.c
tparam,0,bash-3.2/lib/termcap/tparam.c
tgoto,0,bash-3.2/lib/termcap/tparam.c
bcopy,0,bash-3.2/lib/sh/oslib.c
inttostr,0,bash-3.2/lib/sh/itos.c
fmtumax,0,bash-3.2/lib/sh/fmtulong.c
itos,0,bash-3.2/lib/sh/itos.c
uinttostr,0,bash-3.2/lib/sh/itos.c
uitos,0,bash-3.2/lib/sh/itos.c
collsym,0,bash-3.2/lib/glob/smatch.c
is_cclass,0,bash-3.2/lib/glob/smatch.c
xstrmatch,0,bash-3.2/lib/glob/smatch.c
internal_strmatch,0,bash-3.2/lib/glob/sm_loop.c
unlink_builtin,0,bash-3.2/examples/loadables/unlink.c
builtin_usage,0,bash-3.2/builtins/common.c
builtin_error,0,bash-3.2/builtins/common.c
stpcpy,0,bash-3.2/lib/intl/l10nflist.c
dirname_builtin,0,bash-3.2/examples/loadables/dirname.c
no_options,0,bash-3.2/builtins/common.c
ansicstr,0,bash-3.2/lib/sh/strtrans.c
ansic_quote,0,bash-3.2/lib/sh/strtrans.c
ansic_shouldquote,0,bash-3.2/lib/sh/strtrans.c
ansiexpand,0,bash-3.2/lib/sh/strtrans.c
libintl_dcigettext,0,bash-3.2/lib/intl/dcigettext.c
libintl_dcngettext,0,bash-3.2/lib/intl/dcngettext.c
array_create,0,bash-3.2/builtins/mkbuiltins.c
make_for_or_select,0,bash-3.2/make_cmd.c
make_until_or_while,0,bash-3.2/make_cmd.c
cmd_init,0,bash-3.2/make_cmd.c
alloc_word_desc,0,bash-3.2/make_cmd.c
make_bare_word,0,bash-3.2/make_cmd.c
make_word_flags,0,bash-3.2/make_cmd.c
make_word,0,bash-3.2/make_cmd.c
make_word_from_token,0,bash-3.2/make_cmd.c
make_word_list,0,bash-3.2/make_cmd.c
make_command,0,bash-3.2/make_cmd.c
command_connect,0,bash-3.2/make_cmd.c
make_for_command,0,bash-3.2/make_cmd.c
make_select_command,0,bash-3.2/make_cmd.c
make_arith_for_command,0,bash-3.2/make_cmd.c
substring,0,bash-3.2/stringlib.c
parser_error,0,bash-3.2/error.c
dispose_words,0,bash-3.2/dispose_cmd.c
make_group_command,0,bash-3.2/make_cmd.c
make_case_command,0,bash-3.2/make_cmd.c
make_pattern_list,0,bash-3.2/make_cmd.c
make_if_command,0,bash-3.2/make_cmd.c
make_while_command,0,bash-3.2/make_cmd.c
make_until_command,0,bash-3.2/make_cmd.c
make_arith_command,0,bash-3.2/make_cmd.c
make_cond_command,0,bash-3.2/make_cmd.c
make_bare_simple_command,0,bash-3.2/make_cmd.c
make_simple_command,0,bash-3.2/make_cmd.c
make_here_document,0,bash-3.2/make_cmd.c
internal_error,0,bash-3.2/error.c
string_quote_removal,0,bash-3.2/subst.c
read_secondary_line,0,bash-3.2/y.tab.c
make_redirection,1,bash-3.2/make_cmd.c
all_digits,0,bash-3.2/general.c
legal_number,0,bash-3.2/general.c
dispose_word,0,bash-3.2/dispose_cmd.c
process_exit_status,0,bash-3.2/jobs.c
make_function_def,0,bash-3.2/make_cmd.c
bind_function_def,0,bash-3.2/variables.c
make_subshell_command,0,bash-3.2/make_cmd.c
clean_simple_command,0,bash-3.2/make_cmd.c
connect_async_list,0,bash-3.2/make_cmd.c
tgetent,0,bash-3.2/lib/termcap/termcap.c
tgetflag,0,bash-3.2/lib/termcap/termcap.c
tgetnum,0,bash-3.2/lib/termcap/termcap.c
tgetstr,0,bash-3.2/lib/termcap/termcap.c
tputs,0,bash-3.2/lib/termcap/termcap.c
stat_char,0,bash-3.2/lib/readline/complete.c
path_isdir,0,bash-3.2/lib/readline/complete.c
rl_quote_filename,0,bash-3.2/lib/readline/complete.c
set_completion_defaults,0,bash-3.2/lib/readline/complete.c
get_y_or_n,1,bash-3.2/lib/readline/complete.c
_rl_internal_pager,0,bash-3.2/lib/readline/complete.c
printable_part,0,bash-3.2/lib/readline/complete.c
fnwidth,0,bash-3.2/lib/readline/complete.c
fnprint,0,bash-3.2/lib/readline/complete.c
print_filename,0,bash-3.2/lib/readline/complete.c
gen_completion_matches,0,bash-3.2/lib/readline/complete.c
remove_duplicate_matches,0,bash-3.2/lib/readline/complete.c
insert_match,0,bash-3.2/lib/readline/complete.c
append_to_match,0,bash-3.2/lib/readline/complete.c
insert_all_matches,0,bash-3.2/lib/readline/complete.c
display_matches,0,bash-3.2/lib/readline/complete.c
compute_lcd_of_matches,0,bash-3.2/lib/readline/complete.c
postprocess_matches,0,bash-3.2/lib/readline/complete.c
make_quoted_replacement,0,bash-3.2/lib/readline/complete.c
rl_complete,0,bash-3.2/lib/readline/complete.c
_rl_insert_char,0,bash-3.2/lib/readline/text.c
rl_complete_internal,0,bash-3.2/lib/readline/complete.c
rl_possible_completions,0,bash-3.2/lib/readline/complete.c
rl_insert_completions,0,bash-3.2/lib/readline/complete.c
rl_completion_mode,0,bash-3.2/lib/readline/complete.c
rl_read_key,0,bash-3.2/lib/readline/input.c
_rl_abort_internal,0,bash-3.2/lib/readline/util.c
rl_ding,0,bash-3.2/lib/readline/terminal.c
_rl_erase_entire_line,0,bash-3.2/lib/readline/display.c
strrchr,0,bash-3.2/lib/sh/oslib.c
memset,0,bash-3.2/lib/sh/memset.c
_rl_find_completion_word,0,bash-3.2/lib/readline/complete.c
strchr,0,bash-3.2/lib/sh/oslib.c
rl_completion_matches,0,bash-3.2/lib/readline/complete.c
_rl_qsort_string_compare,0,bash-3.2/lib/readline/util.c
rl_display_match_list,0,bash-3.2/lib/readline/complete.c
rl_crlf,0,bash-3.2/lib/readline/terminal.c
_rl_move_vert,0,bash-3.2/lib/readline/display.c
rl_forced_update_display,0,bash-3.2/lib/readline/display.c
_rl_strpbrk,0,bash-3.2/lib/readline/util.c
_rl_replace_text,0,bash-3.2/lib/readline/text.c
rl_insert_text,0,bash-3.2/lib/readline/text.c
rl_begin_undo_group,0,bash-3.2/lib/readline/undo.c
rl_delete_text,0,bash-3.2/lib/readline/text.c
rl_end_undo_group,0,bash-3.2/lib/readline/undo.c
_rl_free_match_list,0,bash-3.2/lib/readline/complete.c
rl_filename_completion_function,0,bash-3.2/lib/readline/complete.c
rl_copy_text,0,bash-3.2/lib/readline/util.c
rl_username_completion_function,0,bash-3.2/lib/readline/complete.c
_rl_strnicmp,0,bash-3.2/lib/readline/util.c
rl_menu_complete,0,bash-3.2/lib/readline/complete.c
history_search_internal,0,bash-3.2/lib/readline/histsearch.c
history_list,0,bash-3.2/lib/readline/history.c
history_search,0,bash-3.2/lib/readline/histsearch.c
history_search_prefix,0,bash-3.2/lib/readline/histsearch.c
history_search_pos,0,bash-3.2/lib/readline/histsearch.c
where_history,0,bash-3.2/lib/readline/history.c
history_set_pos,0,bash-3.2/lib/readline/history.c
rl_redisplay,1,bash-3.2/lib/readline/display.c
rl_getc,0,bash-3.2/lib/readline/input.c
bind_termcap_arrow_keys,0,bash-3.2/lib/readline/terminal.c
_rl_get_screen_size,0,bash-3.2/lib/readline/terminal.c
sh_get_home_dir,0,bash-3.2/lib/readline/shell.c
_rl_set_screen_size,0,bash-3.2/lib/readline/terminal.c
_rl_init_terminal_io,0,bash-3.2/lib/readline/terminal.c
rl_set_screen_size,0,bash-3.2/lib/readline/terminal.c
rl_get_screen_size,0,bash-3.2/lib/readline/terminal.c
rl_reset_screen_size,0,bash-3.2/lib/readline/terminal.c
rl_resize_terminal,0,bash-3.2/lib/readline/terminal.c
_rl_redisplay_after_sigwinch,0,bash-3.2/lib/readline/display.c
get_term_capabilities,0,bash-3.2/lib/readline/terminal.c
rl_bind_keyseq_if_unbound,0,bash-3.2/lib/readline/bind.c
rl_get_previous_history,0,bash-3.2/lib/readline/misc.c
rl_get_next_history,0,bash-3.2/lib/readline/misc.c
rl_forward_char,0,bash-3.2/lib/readline/text.c
rl_backward_char,0,bash-3.2/lib/readline/text.c
rl_beg_of_line,0,bash-3.2/lib/readline/text.c
rl_end_of_line,0,bash-3.2/lib/readline/text.c
rl_delete,0,bash-3.2/lib/readline/text.c
rl_get_termcap,0,bash-3.2/lib/readline/terminal.c
rl_reset_terminal,0,bash-3.2/lib/readline/terminal.c
_rl_output_character_function,0,bash-3.2/lib/readline/terminal.c
_rl_output_some_chars,0,bash-3.2/lib/readline/terminal.c
_rl_backspace,0,bash-3.2/lib/readline/terminal.c
_rl_enable_meta_key,0,bash-3.2/lib/readline/terminal.c
_rl_control_keypad,0,bash-3.2/lib/readline/terminal.c
_rl_set_cursor,0,bash-3.2/lib/readline/terminal.c
rl_free_undo_list,0,bash-3.2/lib/readline/undo.c
rl_maybe_save_line,0,bash-3.2/lib/readline/misc.c
rl_maybe_unsave_line,0,bash-3.2/lib/readline/misc.c
rl_maybe_replace_line,0,bash-3.2/lib/readline/misc.c
rl_alphabetic,0,bash-3.2/lib/readline/util.c
free_undo_list,0,bash-3.2/lib/readline/compat.c
maybe_replace_line,0,bash-3.2/lib/readline/compat.c
maybe_save_line,0,bash-3.2/lib/readline/compat.c
maybe_unsave_line,0,bash-3.2/lib/readline/compat.c
ding,0,bash-3.2/lib/readline/compat.c
crlf,0,bash-3.2/lib/readline/compat.c
alphabetic,0,bash-3.2/lib/readline/compat.c
completion_matches,0,bash-3.2/lib/readline/compat.c
username_completion_function,0,bash-3.2/lib/readline/compat.c
filename_completion_function,0,bash-3.2/lib/readline/compat.c
bash_special_tilde_expansions,0,bash-3.2/general.c
unquoted_tilde_word,0,bash-3.2/general.c
initialize_group_array,0,bash-3.2/general.c
posix_initialize,0,bash-3.2/general.c
legal_identifier,0,bash-3.2/general.c
check_identifier,0,bash-3.2/general.c
legal_alias_name,0,bash-3.2/general.c
assignment,0,bash-3.2/general.c
sh_validfd,0,bash-3.2/general.c
check_dev_tty,0,bash-3.2/general.c
same_file,0,bash-3.2/general.c
move_to_high_fd,0,bash-3.2/general.c
getdtablesize,0,bash-3.2/lib/sh/oslib.c
dup2,0,bash-3.2/lib/sh/oslib.c
check_binary_file,0,bash-3.2/general.c
file_isdir,0,bash-3.2/general.c
file_iswdir,0,bash-3.2/general.c
sh_eaccess,0,bash-3.2/lib/sh/eaccess.c
absolute_pathname,0,bash-3.2/general.c
absolute_program,0,bash-3.2/general.c
xstrchr,0,bash-3.2/lib/sh/xstrchr.c
make_absolute,0,bash-3.2/general.c
sh_makepath,0,bash-3.2/lib/sh/makepath.c
base_pathname,0,bash-3.2/general.c
full_pathname,0,bash-3.2/general.c
bash_tilde_expand,0,bash-3.2/general.c
polite_directory_format,0,bash-3.2/general.c
extract_colon_unit,0,bash-3.2/general.c
tilde_initialize,0,bash-3.2/general.c
strvec_create,0,bash-3.2/lib/sh/stringvec.c
bash_tilde_find_word,0,bash-3.2/general.c
getmaxgroups,0,bash-3.2/lib/sh/oslib.c
group_member,0,bash-3.2/general.c
get_group_list,0,bash-3.2/general.c
get_group_array,0,bash-3.2/general.c
malloc_set_trace,0,bash-3.2/lib/malloc/trace.c
malloc_set_tracefp,0,bash-3.2/lib/malloc/trace.c
malloc_trace_bin,0,bash-3.2/lib/malloc/trace.c
malloc_set_tracefn,0,bash-3.2/lib/malloc/trace.c
mark_dead_jobs_as_notified,0,bash-3.2/jobs.c
xfree,0,bash-3.2/lib/readline/xmalloc.c
xmalloc,0,bash-3.2/builtins/mkbuiltins.c
wait_sigint_handler,0,bash-3.2/nojobs.c
copy_function_def_contents,0,bash-3.2/copy_cmd.c
copy_function_def,0,bash-3.2/copy_cmd.c
copy_word,0,bash-3.2/copy_cmd.c
copy_word_list,0,bash-3.2/copy_cmd.c
copy_redirect,1,bash-3.2/copy_cmd.c
copy_redirects,0,bash-3.2/copy_cmd.c
copy_command,0,bash-3.2/copy_cmd.c
quoted_strchr,0,bash-3.2/subst.c
expand_string_if_necessary,0,bash-3.2/subst.c
expand_string_to_string_internal,0,bash-3.2/subst.c
call_expand_word_internal,0,bash-3.2/subst.c
expand_string_internal,0,bash-3.2/subst.c
expand_string_leave_quoted,0,bash-3.2/subst.c
expand_string_for_rhs,0,bash-3.2/subst.c
list_quote_escapes,0,bash-3.2/subst.c
dequote_escapes,1,bash-3.2/subst.c
make_quoted_char,0,bash-3.2/subst.c
quote_list,0,bash-3.2/subst.c
remove_quoted_escapes,0,bash-3.2/subst.c
remove_quoted_nulls,0,bash-3.2/subst.c
unquoted_substring,0,bash-3.2/subst.c
unquoted_member,0,bash-3.2/subst.c
do_assignment_internal,0,bash-3.2/subst.c
string_extract_verbatim,0,bash-3.2/subst.c
string_extract,0,bash-3.2/subst.c
string_extract_double_quoted,0,bash-3.2/subst.c
string_extract_single_quoted,0,bash-3.2/subst.c
skip_single_quoted,0,bash-3.2/subst.c
skip_double_quoted,0,bash-3.2/subst.c
extract_delimited_string,0,bash-3.2/subst.c
extract_dollar_brace_string,1,bash-3.2/subst.c
pos_params,0,bash-3.2/subst.c
remove_upattern,0,bash-3.2/subst.c
remove_pattern,0,bash-3.2/subst.c
match_pattern_char,0,bash-3.2/subst.c
match_upattern,0,bash-3.2/subst.c
match_pattern,0,bash-3.2/subst.c
getpatspec,0,bash-3.2/subst.c
getpattern,0,bash-3.2/subst.c
list_remove_pattern,0,bash-3.2/subst.c
parameter_list_remove_pattern,0,bash-3.2/subst.c
parameter_brace_remove_pattern,1,bash-3.2/subst.c
read_comsub,1,bash-3.2/subst.c
valid_brace_expansion_word,0,bash-3.2/subst.c
chk_atstar,0,bash-3.2/subst.c
chk_arithsub,0,bash-3.2/subst.c
parameter_brace_expand_word,1,bash-3.2/subst.c
parameter_brace_expand_indir,0,bash-3.2/subst.c
parameter_brace_expand_rhs,0,bash-3.2/subst.c
parameter_brace_expand_error,0,bash-3.2/subst.c
valid_length_expression,0,bash-3.2/subst.c
parameter_brace_expand_length,0,bash-3.2/subst.c
skiparith,0,bash-3.2/subst.c
verify_substring_values,0,bash-3.2/subst.c
get_var_and_type,0,bash-3.2/subst.c
parameter_brace_substring,1,bash-3.2/subst.c
pos_params_pat_subst,0,bash-3.2/subst.c
parameter_brace_patsub,1,bash-3.2/subst.c
parameter_brace_expand,0,bash-3.2/subst.c
param_expand,0,bash-3.2/subst.c
expand_word_internal,0,bash-3.2/subst.c
word_list_split,0,bash-3.2/subst.c
exp_jump_to_top_level,1,bash-3.2/subst.c
separate_out_assignments,0,bash-3.2/subst.c
glob_expand_word_list,1,bash-3.2/subst.c
shell_expand_word_list,0,bash-3.2/subst.c
expand_word_list_internal,0,bash-3.2/subst.c
sub_append_string,0,bash-3.2/subst.c
extract_command_subst,0,bash-3.2/subst.c
extract_arithmetic_subst,0,bash-3.2/subst.c
report_error,0,bash-3.2/error.c
de_backslash,0,bash-3.2/subst.c
string_list_internal,0,bash-3.2/subst.c
string_list,0,bash-3.2/subst.c
string_list_dollar_star,0,bash-3.2/subst.c
string_list_dollar_at,1,bash-3.2/subst.c
list_string,0,bash-3.2/subst.c
get_word_from_string,0,bash-3.2/subst.c
strip_trailing_ifs_whitespace,0,bash-3.2/subst.c
expand_string_assignment,0,bash-3.2/subst.c
xtrace_print_assignment,0,bash-3.2/print_cmd.c
bind_variable,0,bash-3.2/variables.c
stupidly_hack_special_variables,0,bash-3.2/variables.c
do_assignment,0,bash-3.2/subst.c
do_word_assignment,0,bash-3.2/subst.c
do_assignment_no_expand,0,bash-3.2/subst.c
list_rest_of_args,0,bash-3.2/subst.c
number_of_args,0,bash-3.2/subst.c
get_dollar_var_value,0,bash-3.2/subst.c
string_rest_of_args,0,bash-3.2/subst.c
expand_string_to_string,0,bash-3.2/subst.c
expand_string,0,bash-3.2/subst.c
expand_string_unsplit_to_string,0,bash-3.2/subst.c
expand_string_unsplit,0,bash-3.2/subst.c
expand_assignment_string_to_string,0,bash-3.2/subst.c
expand_arith_string,0,bash-3.2/subst.c
dequote_list,0,bash-3.2/subst.c
quote_string_for_globbing,1,bash-3.2/pathexp.c
expand_prompt_string,1,bash-3.2/subst.c
quote_escapes,1,bash-3.2/subst.c
quote_string,0,bash-3.2/subst.c
dequote_string,0,bash-3.2/subst.c
word_list_remove_quoted_nulls,0,bash-3.2/subst.c
strmatch,0,bash-3.2/lib/glob/strmatch.c
expand_word,0,bash-3.2/subst.c
expand_word_unsplit,0,bash-3.2/subst.c
expand_word_leave_quoted,0,bash-3.2/subst.c
sh_mktmpname,0,bash-3.2/lib/sh/tmpfile.c
sys_error,0,bash-3.2/error.c
save_pipeline,0,bash-3.2/jobs.c
main,0,bash-3.2/support/mksignames.c
reset_terminating_signals,0,bash-3.2/sig.c
free_pushed_string_input,0,bash-3.2/y.tab.c
restore_original_signals,0,bash-3.2/trap.c
setup_async_signals,0,bash-3.2/execute_cmd.c
set_sigchld_handler,0,bash-3.2/jobs.c
restore_pipeline,0,bash-3.2/jobs.c
set_sigint_handler,0,bash-3.2/trap.c
set_job_control,0,bash-3.2/jobs.c
close_fd_bitmap,0,bash-3.2/execute_cmd.c
parse_and_execute,1,bash-3.2/builtins/evalstring.c
zread,0,bash-3.2/lib/sh/zread.c
internal_warning,0,bash-3.2/error.c
strip_trailing,0,bash-3.2/stringlib.c
command_substitute,1,bash-3.2/subst.c
maybe_make_export_env,0,bash-3.2/variables.c
cleanup_the_pipeline,0,bash-3.2/jobs.c
reset_signal_handlers,0,bash-3.2/trap.c
run_exit_trap,0,bash-3.2/trap.c
usage,0,bash-3.2/mksyntax.c
err_unboundvar,0,bash-3.2/error.c
dispose_word_desc,0,bash-3.2/dispose_cmd.c
which_set_flags,0,bash-3.2/flags.c
evalexp,1,bash-3.2/expr.c
pat_subst,0,bash-3.2/subst.c
all_variables_matching_prefix,0,bash-3.2/variables.c
strvec_to_word_list,0,bash-3.2/lib/sh/stringvec.c
setifs,0,bash-3.2/subst.c
strnlen,0,bash-3.2/lib/sh/strnlen.c
getifs,0,bash-3.2/subst.c
word_split,0,bash-3.2/subst.c
expand_words,0,bash-3.2/subst.c
expand_words_no_vars,0,bash-3.2/subst.c
expand_words_shellexp,0,bash-3.2/subst.c
unquoted_glob_pattern_p,0,bash-3.2/pathexp.c
shell_glob_filename,0,bash-3.2/pathexp.c
strvec_dispose,0,bash-3.2/lib/sh/stringvec.c
assign_in_env,1,bash-3.2/variables.c
ttgetattr,0,bash-3.2/lib/sh/shtty.c
ttsetattr,0,bash-3.2/lib/sh/shtty.c
ttsave,0,bash-3.2/lib/sh/shtty.c
ttrestore,0,bash-3.2/lib/sh/shtty.c
ttattr,0,bash-3.2/lib/sh/shtty.c
tt_setonechar,0,bash-3.2/lib/sh/shtty.c
tt_setnoecho,0,bash-3.2/lib/sh/shtty.c
tt_seteightbit,0,bash-3.2/lib/sh/shtty.c
tt_setnocanon,0,bash-3.2/lib/sh/shtty.c
tt_setcbreak,0,bash-3.2/lib/sh/shtty.c
ttonechar,0,bash-3.2/lib/sh/shtty.c
ttnoecho,0,bash-3.2/lib/sh/shtty.c
tteightbit,0,bash-3.2/lib/sh/shtty.c
ttnocanon,0,bash-3.2/lib/sh/shtty.c
ttcbreak,0,bash-3.2/lib/sh/shtty.c
mailstat,0,bash-3.2/lib/sh/mailstat.c
find_mail_file,0,bash-3.2/mailcheck.c
update_mail_file,0,bash-3.2/mailcheck.c
add_mail_file,0,bash-3.2/mailcheck.c
file_mod_date_changed,0,bash-3.2/mailcheck.c
file_access_date_changed,0,bash-3.2/mailcheck.c
file_has_grown,0,bash-3.2/mailcheck.c
parse_mailpath_spec,0,bash-3.2/mailcheck.c
time_to_check_mail,0,bash-3.2/mailcheck.c
reset_mail_timer,0,bash-3.2/mailcheck.c
reset_mail_files,0,bash-3.2/mailcheck.c
free_mail_files,0,bash-3.2/mailcheck.c
make_default_mailpath,0,bash-3.2/mailcheck.c
get_current_user_info,0,bash-3.2/shell.c
remember_mail_dates,0,bash-3.2/mailcheck.c
check_mail,0,bash-3.2/mailcheck.c
unbind_variable,0,bash-3.2/variables.c
find_matching_open,0,bash-3.2/lib/readline/parens.c
_rl_enable_paren_matching,0,bash-3.2/lib/readline/parens.c
rl_bind_key_in_map,0,bash-3.2/lib/readline/bind.c
rl_insert_close,0,bash-3.2/lib/readline/parens.c
rl_insert,0,bash-3.2/lib/readline/text.c
rl_set_paren_blink_timeout,0,bash-3.2/lib/readline/parens.c
xmalloc,0,bash-3.2/lib/readline/xmalloc.c
xrealloc,0,bash-3.2/lib/readline/xmalloc.c
is_special_builtin,0,bash-3.2/builtins/mkbuiltins.c
is_assignment_builtin,0,bash-3.2/builtins/mkbuiltins.c
rename,0,bash-3.2/builtins/mkbuiltins.c
extract_info,0,bash-3.2/builtins/mkbuiltins.c
fcopy,0,bash-3.2/examples/loadables/cat.c
line_error,0,bash-3.2/builtins/mkbuiltins.c
write_file_headers,0,bash-3.2/builtins/mkbuiltins.c
write_file_footers,0,bash-3.2/builtins/mkbuiltins.c
write_ifdefs,0,bash-3.2/builtins/mkbuiltins.c
write_endifs,0,bash-3.2/builtins/mkbuiltins.c
write_documentation,0,bash-3.2/builtins/mkbuiltins.c
write_longdocs,0,bash-3.2/builtins/mkbuiltins.c
write_builtins,0,bash-3.2/builtins/mkbuiltins.c
write_helpfiles,0,bash-3.2/builtins/mkbuiltins.c
free_defs,0,bash-3.2/builtins/mkbuiltins.c
add_documentation,0,bash-3.2/builtins/mkbuiltins.c
must_be_building,0,bash-3.2/builtins/mkbuiltins.c
remove_trailing_whitespace,0,bash-3.2/builtins/mkbuiltins.c
kill_pid,0,bash-3.2/jobs.c
copy_string_array,0,bash-3.2/builtins/mkbuiltins.c
array_add,0,bash-3.2/builtins/mkbuiltins.c
array_free,0,bash-3.2/builtins/mkbuiltins.c
builtin_handler,0,bash-3.2/builtins/mkbuiltins.c
function_handler,0,bash-3.2/builtins/mkbuiltins.c
short_doc_handler,0,bash-3.2/builtins/mkbuiltins.c
comment_handler,0,bash-3.2/builtins/mkbuiltins.c
depends_on_handler,0,bash-3.2/builtins/mkbuiltins.c
produces_handler,0,bash-3.2/builtins/mkbuiltins.c
end_handler,0,bash-3.2/builtins/mkbuiltins.c
docname_handler,0,bash-3.2/builtins/mkbuiltins.c
find_directive,0,bash-3.2/builtins/mkbuiltins.c
free_builtin,0,bash-3.2/builtins/mkbuiltins.c
strip_whitespace,0,bash-3.2/builtins/mkbuiltins.c
get_arg,0,bash-3.2/builtins/mkbuiltins.c
current_builtin,0,bash-3.2/builtins/mkbuiltins.c
mark_dead_jobs_as_notified,0,bash-3.2/nojobs.c
copy_builtin,0,bash-3.2/builtins/mkbuiltins.c
save_builtin,0,bash-3.2/builtins/mkbuiltins.c
_find_in_table,0,bash-3.2/builtins/mkbuiltins.c
printenv_builtin,0,bash-3.2/examples/loadables/printenv.c
reset_internal_getopt,0,bash-3.2/builtins/bashgetopt.c
internal_getopt,0,bash-3.2/builtins/bashgetopt.c
print_var_function,0,bash-3.2/variables.c
print_var_value,0,bash-3.2/variables.c
create_variable_tables,0,bash-3.2/variables.c
set_machine_vars,0,bash-3.2/variables.c
set_home_var,0,bash-3.2/variables.c
set_shell_var,0,bash-3.2/variables.c
get_bash_name,0,bash-3.2/variables.c
initialize_shell_level,0,bash-3.2/variables.c
uidset,0,bash-3.2/variables.c
null_assign,0,bash-3.2/variables.c
get_self,0,bash-3.2/variables.c
assign_seconds,0,bash-3.2/variables.c
get_seconds,0,bash-3.2/variables.c
init_seconds_var,0,bash-3.2/variables.c
brand,0,bash-3.2/variables.c
sbrand,0,bash-3.2/variables.c
assign_random,0,bash-3.2/variables.c
get_random,0,bash-3.2/variables.c
assign_lineno,0,bash-3.2/variables.c
get_lineno,0,bash-3.2/variables.c
assign_subshell,0,bash-3.2/variables.c
get_subshell,0,bash-3.2/variables.c
get_funcname,0,bash-3.2/variables.c
init_funcname_var,0,bash-3.2/variables.c
initialize_dynamic_variables,0,bash-3.2/variables.c
hash_lookup,0,bash-3.2/variables.c
new_shell_variable,0,bash-3.2/variables.c
make_new_variable,0,bash-3.2/variables.c
bind_variable_internal,0,bash-3.2/variables.c
free_variable_hash_data,0,bash-3.2/variables.c
vlist_alloc,0,bash-3.2/variables.c
vlist_realloc,0,bash-3.2/variables.c
vlist_add,0,bash-3.2/variables.c
flatten,0,bash-3.2/variables.c
qsort_var_comp,0,bash-3.2/variables.c
vapply,0,bash-3.2/variables.c
fapply,0,bash-3.2/variables.c
visible_var,0,bash-3.2/variables.c
visible_and_exported,0,bash-3.2/variables.c
local_and_exported,0,bash-3.2/variables.c
variable_in_context,0,bash-3.2/variables.c
bind_tempenv_variable,0,bash-3.2/variables.c
push_temp_var,0,bash-3.2/variables.c
propagate_temp_var,0,bash-3.2/variables.c
dispose_temporary_env,0,bash-3.2/variables.c
mk_env_string,1,bash-3.2/variables.c
make_env_array_from_var_list,1,bash-3.2/variables.c
make_var_export_array,0,bash-3.2/variables.c
make_func_export_array,0,bash-3.2/variables.c
add_temp_array_to_env,0,bash-3.2/variables.c
n_shell_variables,0,bash-3.2/variables.c
set_context,0,bash-3.2/variables.c
push_func_var,1,bash-3.2/variables.c
push_exported_var,1,bash-3.2/variables.c
find_special_var,0,bash-3.2/variables.c
new_var_context,0,bash-3.2/variables.c
hash_create,0,bash-3.2/hashlib.c
initialize_shell_variables,1,bash-3.2/variables.c
find_function,0,bash-3.2/variables.c
set_pwd,0,bash-3.2/variables.c
set_if_not,0,bash-3.2/variables.c
set_ppid,0,bash-3.2/variables.c
shell_version_string,0,bash-3.2/version.c
sv_strict_posix,0,bash-3.2/variables.c
sv_ignoreeof,0,bash-3.2/variables.c
find_user_command,0,bash-3.2/findcmd.c
file_status,0,bash-3.2/findcmd.c
sh_canonpath,0,bash-3.2/lib/sh/pathcanon.c
adjust_shell_level,0,bash-3.2/variables.c
set_working_directory,0,bash-3.2/builtins/common.c
print_var_list,0,bash-3.2/variables.c
print_assignment,0,bash-3.2/variables.c
print_func_list,0,bash-3.2/variables.c
sh_contains_shell_metas,0,bash-3.2/lib/sh/shquote.c
named_function_string,0,bash-3.2/print_cmd.c
strtoul,0,bash-3.2/lib/sh/strtol.c
get_random_number,0,bash-3.2/variables.c
executing_line_number,0,bash-3.2/execute_cmd.c
get_bash_command,0,bash-3.2/variables.c
make_funcname_visible,0,bash-3.2/variables.c
hash_search,0,bash-3.2/hashlib.c
var_lookup,0,bash-3.2/variables.c
find_variable_internal,0,bash-3.2/variables.c
find_function_def,0,bash-3.2/variables.c
get_variable_value,0,bash-3.2/variables.c
make_local_variable,0,bash-3.2/variables.c
sh_readonly,0,bash-3.2/builtins/common.c
hash_insert,0,bash-3.2/hashlib.c
make_variable_value,1,bash-3.2/variables.c
err_readonly,0,bash-3.2/error.c
bind_variable_value,0,bash-3.2/variables.c
bind_int_variable,0,bash-3.2/variables.c
bind_var_to_int,0,bash-3.2/variables.c
bind_function,0,bash-3.2/variables.c
dispose_function_def_contents,0,bash-3.2/dispose_cmd.c
dispose_variable,0,bash-3.2/variables.c
makunbound,0,bash-3.2/variables.c
unbind_func,0,bash-3.2/variables.c
hash_remove,0,bash-3.2/hashlib.c
unbind_function_def,0,bash-3.2/variables.c
dispose_function_def,0,bash-3.2/dispose_cmd.c
kill_all_local_variables,0,bash-3.2/variables.c
delete_all_variables,0,bash-3.2/variables.c
hash_dispose,0,bash-3.2/hashlib.c
hash_flush,0,bash-3.2/hashlib.c
set_var_read_only,0,bash-3.2/variables.c
map_over,0,bash-3.2/variables.c
map_over_funcs,0,bash-3.2/variables.c
sort_variables,0,bash-3.2/variables.c
strvec_len,0,bash-3.2/lib/sh/stringvec.c
all_shell_variables,0,bash-3.2/variables.c
all_shell_functions,0,bash-3.2/variables.c
all_visible_functions,0,bash-3.2/variables.c
all_visible_variables,0,bash-3.2/variables.c
all_exported_variables,0,bash-3.2/variables.c
local_exported_variables,0,bash-3.2/variables.c
all_local_variables,0,bash-3.2/variables.c
find_tempenv_variable,0,bash-3.2/variables.c
sv_ifs,0,bash-3.2/variables.c
merge_temporary_env,0,bash-3.2/variables.c
strvec_resize,0,bash-3.2/lib/sh/stringvec.c
add_or_supercede_exported_var,0,bash-3.2/variables.c
strvec_flush,0,bash-3.2/lib/sh/stringvec.c
update_export_env_inplace,0,bash-3.2/variables.c
put_command_name_into_env,0,bash-3.2/variables.c
dispose_var_context,0,bash-3.2/variables.c
push_var_context,0,bash-3.2/variables.c
pop_var_context,0,bash-3.2/variables.c
delete_all_contexts,0,bash-3.2/variables.c
push_scope,0,bash-3.2/variables.c
pop_scope,0,bash-3.2/variables.c
push_context,0,bash-3.2/variables.c
push_dollar_vars,0,bash-3.2/variables.c
pop_context,0,bash-3.2/variables.c
pop_dollar_vars,0,bash-3.2/variables.c
remember_args,0,bash-3.2/builtins/common.c
set_dollar_vars_unchanged,0,bash-3.2/builtins/common.c
dispose_saved_dollar_vars,0,bash-3.2/variables.c
push_args,0,bash-3.2/variables.c
pop_args,0,bash-3.2/variables.c
sv_globignore,0,bash-3.2/variables.c
sv_locale,0,bash-3.2/variables.c
sv_mail,0,bash-3.2/variables.c
sv_opterr,0,bash-3.2/variables.c
sv_optind,0,bash-3.2/variables.c
sv_path,0,bash-3.2/variables.c
sv_compare,0,bash-3.2/variables.c
phash_flush,0,bash-3.2/hashcmd.c
setup_glob_ignore,0,bash-3.2/pathexp.c
set_lang,0,bash-3.2/locale.c
set_locale_var,0,bash-3.2/locale.c
set_pipestatus_from_exit,0,bash-3.2/variables.c
rl_set_sighandler,0,bash-3.2/lib/readline/signals.c
rl_maybe_set_sighandler,0,bash-3.2/lib/readline/signals.c
rl_signal_handler,0,bash-3.2/lib/readline/signals.c
rl_free_line_state,0,bash-3.2/lib/readline/signals.c
rl_cleanup_after_signal,0,bash-3.2/lib/readline/signals.c
rl_reset_after_signal,0,bash-3.2/lib/readline/signals.c
rl_sigaction,0,bash-3.2/lib/readline/signals.c
rl_set_signals,0,bash-3.2/lib/readline/signals.c
rl_clear_signals,0,bash-3.2/lib/readline/signals.c
_rl_clean_up_for_exit,0,bash-3.2/lib/readline/display.c
rl_clear_pending_input,0,bash-3.2/lib/readline/input.c
current_history,0,bash-3.2/lib/readline/history.c
_rl_kill_kbd_macro,0,bash-3.2/lib/readline/macro.c
rl_clear_message,0,bash-3.2/lib/readline/display.c
_rl_reset_argument,0,bash-3.2/lib/readline/misc.c
strftime_builtin,0,bash-3.2/examples/loadables/strftime.c
sh_invalidnum,0,bash-3.2/builtins/common.c
strftime,0,bash-3.2/lib/sh/strftime.c
dispose_redirects,0,bash-3.2/dispose_cmd.c
times,0,bash-3.2/lib/sh/times.c
sh_realpath,0,bash-3.2/lib/sh/pathphys.c
realpath_builtin,0,bash-3.2/examples/loadables/realpath.c
without_interrupts,0,bash-3.2/unwind_prot.c
unwind_frame_discard_internal,0,bash-3.2/unwind_prot.c
unwind_frame_run_internal,0,bash-3.2/unwind_prot.c
add_unwind_protect_internal,0,bash-3.2/unwind_prot.c
remove_unwind_protect_internal,0,bash-3.2/unwind_prot.c
run_unwind_protects_internal,0,bash-3.2/unwind_prot.c
clear_unwind_protects_internal,0,bash-3.2/unwind_prot.c
restore_variable,0,bash-3.2/unwind_prot.c
unwind_protect_mem_internal,0,bash-3.2/unwind_prot.c
begin_unwind_frame,0,bash-3.2/unwind_prot.c
add_unwind_protect,0,bash-3.2/unwind_prot.c
discard_unwind_frame,0,bash-3.2/unwind_prot.c
run_unwind_frame,0,bash-3.2/unwind_prot.c
remove_unwind_protect,0,bash-3.2/unwind_prot.c
run_unwind_protects,0,bash-3.2/unwind_prot.c
clear_unwind_protect_list,0,bash-3.2/unwind_prot.c
unwind_protect_mem,0,bash-3.2/unwind_prot.c
rl_digit_loop,0,bash-3.2/lib/readline/misc.c
_rl_history_set_point,0,bash-3.2/lib/readline/misc.c
_rl_free_history_entry,0,bash-3.2/lib/readline/misc.c
_rl_arg_overflow,0,bash-3.2/lib/readline/misc.c
rl_restore_prompt,0,bash-3.2/lib/readline/display.c
_rl_arg_init,0,bash-3.2/lib/readline/misc.c
rl_save_prompt,0,bash-3.2/lib/readline/display.c
_rl_arg_getchar,0,bash-3.2/lib/readline/misc.c
rl_message,0,bash-3.2/lib/readline/display.c
_rl_arg_dispatch,1,bash-3.2/lib/readline/misc.c
rl_universal_argument,0,bash-3.2/lib/readline/misc.c
_rl_dispatch,0,bash-3.2/lib/readline/readline.c
rl_digit_argument,0,bash-3.2/lib/readline/misc.c
rl_execute_next,0,bash-3.2/lib/readline/input.c
_rl_arg_callback,0,bash-3.2/lib/readline/misc.c
rl_discard_argument,0,bash-3.2/lib/readline/misc.c
_rl_start_using_history,0,bash-3.2/lib/readline/misc.c
using_history,0,bash-3.2/lib/readline/history.c
replace_history_entry,0,bash-3.2/lib/readline/history.c
rl_replace_line,0,bash-3.2/lib/readline/text.c
_rl_free_saved_history_line,0,bash-3.2/lib/readline/misc.c
rl_replace_from_history,0,bash-3.2/lib/readline/misc.c
rl_beginning_of_history,0,bash-3.2/lib/readline/misc.c
rl_end_of_history,0,bash-3.2/lib/readline/misc.c
next_history,0,bash-3.2/lib/readline/history.c
previous_history,0,bash-3.2/lib/readline/history.c
rl_vi_editing_mode,0,bash-3.2/lib/readline/misc.c
_rl_set_insert_mode,0,bash-3.2/lib/readline/misc.c
rl_vi_insertion_mode,0,bash-3.2/lib/readline/vi_mode.c
rl_emacs_editing_mode,0,bash-3.2/lib/readline/misc.c
rl_overwrite_mode,0,bash-3.2/lib/readline/misc.c
necho_builtin,0,bash-3.2/examples/loadables/necho.c
print_word_list,0,bash-3.2/print_cmd.c
rmdir_builtin,0,bash-3.2/examples/loadables/rmdir.c
uprint,0,bash-3.2/examples/loadables/uname.c
uname_builtin,0,bash-3.2/examples/loadables/uname.c
strncasecmp,0,bash-3.2/lib/sh/strcasecmp.c
strcasecmp,0,bash-3.2/lib/sh/strcasecmp.c
zwrite,0,bash-3.2/lib/sh/zwrite.c
zcatfd,0,bash-3.2/lib/sh/zcatfd.c
_nl_locale_name,0,bash-3.2/lib/intl/localename.c
close_pipes,0,bash-3.2/execute_cmd.c
do_piping,0,bash-3.2/execute_cmd.c
bind_lastarg,0,bash-3.2/execute_cmd.c
shell_control_structure,0,bash-3.2/execute_cmd.c
cleanup_redirects,0,bash-3.2/execute_cmd.c
async_redirect_stdin,0,bash-3.2/execute_cmd.c
builtin_status,0,bash-3.2/execute_cmd.c
execute_for_command,0,bash-3.2/execute_cmd.c
execute_case_command,0,bash-3.2/execute_cmd.c
execute_while_command,0,bash-3.2/execute_cmd.c
execute_until_command,0,bash-3.2/execute_cmd.c
execute_while_or_until,0,bash-3.2/execute_cmd.c
execute_if_command,0,bash-3.2/execute_cmd.c
execute_null_command,0,bash-3.2/execute_cmd.c
fix_assignment_words,0,bash-3.2/execute_cmd.c
execute_simple_command,1,bash-3.2/execute_cmd.c
execute_builtin,0,bash-3.2/execute_cmd.c
execute_function,0,bash-3.2/execute_cmd.c
execute_builtin_or_function,0,bash-3.2/execute_cmd.c
execute_subshell_builtin_or_function,0,bash-3.2/execute_cmd.c
execute_disk_command,0,bash-3.2/execute_cmd.c
getinterp,0,bash-3.2/execute_cmd.c
initialize_subshell,1,bash-3.2/execute_cmd.c
execute_in_subshell,0,bash-3.2/execute_cmd.c
execute_pipeline,0,bash-3.2/execute_cmd.c
execute_connection,0,bash-3.2/execute_cmd.c
execute_intern_function,0,bash-3.2/execute_cmd.c
new_fd_bitmap,0,bash-3.2/execute_cmd.c
dispose_fd_bitmap,0,bash-3.2/execute_cmd.c
execute_command_internal,1,bash-3.2/execute_cmd.c
do_redirections,0,bash-3.2/redir.c
dispose_exec_redirects,0,bash-3.2/execute_cmd.c
make_command_string,0,bash-3.2/print_cmd.c
stdin_redirects,0,bash-3.2/redir.c
signal_is_trapped,0,bash-3.2/trap.c
run_error_trap,0,bash-3.2/trap.c
without_job_control,0,bash-3.2/jobs.c
restore_default_signal,0,bash-3.2/trap.c
terminate_current_pipeline,0,bash-3.2/jobs.c
kill_current_pipeline,0,bash-3.2/jobs.c
xbcopy,0,bash-3.2/stringlib.c
print_for_command_head,0,bash-3.2/print_cmd.c
xtrace_print_for_command_head,0,bash-3.2/print_cmd.c
signal_in_progress,0,bash-3.2/trap.c
run_debug_trap,0,bash-3.2/trap.c
print_case_command_head,0,bash-3.2/print_cmd.c
xtrace_print_case_command_head,0,bash-3.2/print_cmd.c
builtin_address_internal,0,bash-3.2/builtins/common.c
print_simple_command,0,bash-3.2/print_cmd.c
xtrace_print_word_list,0,bash-3.2/print_cmd.c
find_special_builtin,0,bash-3.2/builtins/common.c
builtin_address,0,bash-3.2/builtins/common.c
start_job,0,bash-3.2/jobs.c
find_shell_builtin,0,bash-3.2/builtins/common.c
set_debug_trap,0,bash-3.2/trap.c
set_error_trap,0,bash-3.2/trap.c
set_return_trap,0,bash-3.2/trap.c
run_return_trap,0,bash-3.2/trap.c
execute_shell_function,0,bash-3.2/execute_cmd.c
set_signal_ignored,0,bash-3.2/trap.c
search_for_command,1,bash-3.2/findcmd.c
strvec_from_word_list,0,bash-3.2/lib/sh/stringvec.c
shell_execve,0,bash-3.2/execute_cmd.c
execute_shell_script,0,bash-3.2/execute_cmd.c
init_job_stats,0,bash-3.2/jobs.c
reset_shell_flags,0,bash-3.2/flags.c
unset_bash_input,0,bash-3.2/shell.c
executable_file,0,bash-3.2/findcmd.c
change_flag,0,bash-3.2/flags.c
unbind_args,0,bash-3.2/shell.c
dup_error,0,bash-3.2/execute_cmd.c
mempcpy,0,bash-3.2/lib/intl/dcigettext.c
plural_lookup,0,bash-3.2/lib/intl/dcigettext.c
guess_category_value,0,bash-3.2/lib/intl/dcigettext.c
category_to_name,0,bash-3.2/lib/intl/dcigettext.c
_nl_find_domain,0,bash-3.2/lib/intl/finddomain.c
_nl_find_msg,0,bash-3.2/lib/intl/dcigettext.c
_nl_log_untranslated,0,bash-3.2/lib/intl/log.c
_nl_load_domain,0,bash-3.2/lib/intl/loadmsgcat.c
hash_string,0,bash-3.2/lib/intl/hash-string.h
SWAP,0,bash-3.2/lib/intl/gettextP.h
_nl_free_domain_conv,0,bash-3.2/lib/intl/loadmsgcat.c
_nl_init_domain_conv,0,bash-3.2/lib/intl/loadmsgcat.c
strpbrk,0,bash-3.2/lib/sh/strpbrk.c
_rl_find_prev_mbchar,0,bash-3.2/lib/readline/mbutil.c
_rl_find_next_mbchar,0,bash-3.2/lib/readline/mbutil.c
kill_pid,0,bash-3.2/nojobs.c
readline,0,bash-3.2/lib/readline/readline.c
add_history,0,bash-3.2/lib/readline/history.c
history_filename,0,bash-3.2/lib/readline/histfile.c
read_history,0,bash-3.2/lib/readline/histfile.c
read_history_range,0,bash-3.2/lib/readline/histfile.c
add_history_time,0,bash-3.2/lib/readline/history.c
history_truncate_file,0,bash-3.2/lib/readline/histfile.c
history_do_write,0,bash-3.2/lib/readline/histfile.c
append_history,0,bash-3.2/lib/readline/histfile.c
write_history,0,bash-3.2/lib/readline/histfile.c
zreadintr,0,bash-3.2/lib/sh/zread.c
zreadc,0,bash-3.2/lib/sh/zread.c
zreset,0,bash-3.2/lib/sh/zread.c
zsyncfd,0,bash-3.2/lib/sh/zread.c
stdcat,0,bash-3.2/lib/readline/examples/rlcat.c
initialize_job_signals,0,bash-3.2/nojobs.c
rl_variable_bind,0,bash-3.2/lib/readline/bind.c
rl_untranslate_keyseq,0,bash-3.2/lib/readline/bind.c
ydhms_tm_diff,0,bash-3.2/lib/sh/mktime.c
__mktime_internal,0,bash-3.2/lib/sh/mktime.c
my_localtime_r,0,bash-3.2/lib/sh/mktime.c
mktime,0,bash-3.2/lib/sh/mktime.c
_path_isdir,0,bash-3.2/lib/sh/pathcanon.c
find_flag,0,bash-3.2/flags.c
disable_priv_mode,0,bash-3.2/shell.c
initialize_flags,0,bash-3.2/flags.c
internal_glob_pattern_p,0,bash-3.2/lib/glob/glob_loop.c
true_builtin,0,bash-3.2/examples/loadables/truefalse.c
false_builtin,0,bash-3.2/examples/loadables/truefalse.c
_nl_getenv,0,bash-3.2/lib/intl/os2compat.c
nlos2_initialize,0,bash-3.2/lib/intl/os2compat.c
error_prolog,0,bash-3.2/error.c
get_name_for_error,0,bash-3.2/error.c
fcopy,0,bash-3.2/lib/readline/examples/rlcat.c
exit_shell,0,bash-3.2/shell.c
sh_exit,0,bash-3.2/shell.c
yy_input_name,0,bash-3.2/y.tab.c
command_errstr,0,bash-3.2/error.c
_nl_normalize_codeset,0,bash-3.2/lib/intl/l10nflist.c
_nl_make_l10nflist,0,bash-3.2/lib/intl/l10nflist.c
_nl_expand_alias,0,bash-3.2/lib/intl/localealias.c
_nl_explode_name,0,bash-3.2/lib/intl/explodename.c
_nl_find_language,0,bash-3.2/lib/intl/explodename.c
sigstat,0,bash-3.2/CWRU/misc/sigstat.c
initialize_job_control,0,bash-3.2/nojobs.c
init_signames,0,bash-3.2/CWRU/misc/sigstat.c
bzero,0,bash-3.2/lib/sh/oslib.c
glob_name_is_acceptable,0,bash-3.2/pathexp.c
ignore_globbed_names,0,bash-3.2/pathexp.c
quote_globbing_chars,0,bash-3.2/pathexp.c
should_ignore_glob_matches,0,bash-3.2/pathexp.c
ignore_glob_matches,0,bash-3.2/pathexp.c
strvec_sort,0,bash-3.2/lib/sh/stringvec.c
glob_filename,0,bash-3.2/lib/glob/glob.c
setup_ignore_patterns,0,bash-3.2/pathexp.c
strtod,0,bash-3.2/lib/sh/strtod.c
make_builtin_argv,0,bash-3.2/builtins/common.c
perl_main,0,bash-3.2/examples/loadables/perl/iperl.c
bperl_builtin,0,bash-3.2/examples/loadables/perl/bperl.c
rl_prep_terminal,0,bash-3.2/lib/readline/rltty.c
rl_deprep_terminal,0,bash-3.2/lib/readline/rltty.c
block_sigint,0,bash-3.2/lib/readline/rltty.c
release_sigint,0,bash-3.2/lib/readline/rltty.c
set_winsize,0,bash-3.2/lib/readline/rltty.c
save_tty_chars,0,bash-3.2/lib/readline/rltty.c
get_tty_settings,0,bash-3.2/lib/readline/rltty.c
set_tty_settings,0,bash-3.2/lib/readline/rltty.c
prepare_terminal_settings,0,bash-3.2/lib/readline/rltty.c
set_special_char,0,bash-3.2/lib/readline/rltty.c
rl_bind_key,0,bash-3.2/lib/readline/bind.c
rl_restart_output,0,bash-3.2/lib/readline/rltty.c
rl_tty_unset_default_bindings,0,bash-3.2/lib/readline/rltty.c
_rl_bind_tty_special_chars,0,bash-3.2/lib/readline/rltty.c
rl_stop_output,0,bash-3.2/lib/readline/rltty.c
rl_rubout,0,bash-3.2/lib/readline/text.c
rl_unix_line_discard,0,bash-3.2/lib/readline/kill.c
rl_unix_word_rubout,0,bash-3.2/lib/readline/kill.c
rl_quoted_insert,0,bash-3.2/lib/readline/text.c
rltty_set_default_bindings,0,bash-3.2/lib/readline/rltty.c
rl_tty_set_default_bindings,0,bash-3.2/lib/readline/rltty.c
_rl_disable_tty_signals,0,bash-3.2/lib/readline/rltty.c
_rl_restore_tty_signals,0,bash-3.2/lib/readline/rltty.c
libintl_dngettext,0,bash-3.2/lib/intl/dngettext.c
set_binding_values,0,bash-3.2/lib/intl/bindtextdom.c
libintl_bindtextdomain,0,bash-3.2/lib/intl/bindtextdom.c
libintl_bind_textdomain_codeset,0,bash-3.2/lib/intl/bindtextdom.c
c_cut,0,bash-3.2/examples/loadables/cut.c
f_cut,0,bash-3.2/examples/loadables/cut.c
get_list,0,bash-3.2/examples/loadables/cut.c
_cut_strsep,0,bash-3.2/examples/loadables/cut.c
cut_builtin,0,bash-3.2/examples/loadables/cut.c
sigpipe,0,bash-3.2/builtins/psize.c
ignore_tty_job_signals,0,bash-3.2/nojobs.c
new_exp,0,bash-3.2/lib/intl/plural.c
new_exp_0,0,bash-3.2/lib/intl/plural.c
new_exp_1,0,bash-3.2/lib/intl/plural.c
new_exp_2,0,bash-3.2/lib/intl/plural.c
new_exp_3,0,bash-3.2/lib/intl/plural.c
free_plural_expression,0,bash-3.2/lib/intl/plural.c
parse_plural_expression,0,bash-3.2/lib/intl/plural.c
__gettextlex,0,bash-3.2/lib/intl/plural.c
__gettexterror,0,bash-3.2/lib/intl/plural.c
getcwd,1,bash-3.2/lib/sh/getcwd.c
sync_builtin,0,bash-3.2/examples/loadables/sync.c
com_list,0,bash-3.2/lib/readline/examples/fileman.c
com_view,0,bash-3.2/lib/readline/examples/fileman.c
com_rename,0,bash-3.2/lib/readline/examples/fileman.c
com_stat,0,bash-3.2/lib/readline/examples/fileman.c
com_pwd,0,bash-3.2/lib/readline/examples/fileman.c
com_delete,0,bash-3.2/lib/readline/examples/fileman.c
com_help,0,bash-3.2/lib/readline/examples/fileman.c
com_cd,0,bash-3.2/lib/readline/examples/fileman.c
com_quit,0,bash-3.2/lib/readline/examples/fileman.c
stripwhite,0,bash-3.2/lib/readline/examples/fileman.c
find_command,0,bash-3.2/lib/readline/examples/fileman.c
dupstr,0,bash-3.2/lib/readline/examples/fileman.c
give_terminal_to,0,bash-3.2/nojobs.c
initialize_readline,0,bash-3.2/lib/readline/examples/fileman.c
execute_line,0,bash-3.2/lib/readline/examples/fileman.c
command_generator,0,bash-3.2/lib/readline/examples/fileman.c
fileman_completion,0,bash-3.2/lib/readline/examples/fileman.c
valid_argument,0,bash-3.2/lib/readline/examples/fileman.c
too_dangerous,0,bash-3.2/lib/readline/examples/fileman.c
sh_setlinebuf,0,bash-3.2/lib/sh/setlinebuf.c
cprintf,0,bash-3.2/print_cmd.c
xprintf,0,bash-3.2/print_cmd.c
reset_locals,0,bash-3.2/print_cmd.c
newline,0,bash-3.2/print_cmd.c
indent,0,bash-3.2/print_cmd.c
semicolon,0,bash-3.2/print_cmd.c
the_printed_command_resize,0,bash-3.2/print_cmd.c
make_command_string_internal,0,bash-3.2/print_cmd.c
_print_word_list,0,bash-3.2/print_cmd.c
command_print_word_list,0,bash-3.2/print_cmd.c
print_case_clauses,0,bash-3.2/print_cmd.c
print_redirection_list,0,bash-3.2/print_cmd.c
print_redirection,0,bash-3.2/print_cmd.c
print_for_command,0,bash-3.2/print_cmd.c
print_group_command,0,bash-3.2/print_cmd.c
print_case_command,0,bash-3.2/print_cmd.c
print_while_command,0,bash-3.2/print_cmd.c
print_until_command,0,bash-3.2/print_cmd.c
print_until_or_while,0,bash-3.2/print_cmd.c
print_if_command,0,bash-3.2/print_cmd.c
print_function_def,0,bash-3.2/print_cmd.c
print_command,0,bash-3.2/print_cmd.c
indirection_level_string,0,bash-3.2/print_cmd.c
decode_prompt_string,0,bash-3.2/y.tab.c
rl_set_mark,0,bash-3.2/lib/readline/text.c
rl_abort,0,bash-3.2/lib/readline/util.c
rl_newline,0,bash-3.2/lib/readline/text.c
rl_kill_line,0,bash-3.2/lib/readline/kill.c
rl_clear_screen,0,bash-3.2/lib/readline/text.c
rl_reverse_search_history,0,bash-3.2/lib/readline/isearch.c
rl_forward_search_history,0,bash-3.2/lib/readline/isearch.c
rl_transpose_chars,0,bash-3.2/lib/readline/text.c
rl_yank,0,bash-3.2/lib/readline/kill.c
rl_char_search,0,bash-3.2/lib/readline/text.c
rl_undo_command,0,bash-3.2/lib/readline/undo.c
rl_backward_kill_word,0,bash-3.2/lib/readline/kill.c
rl_tab_insert,0,bash-3.2/lib/readline/text.c
rl_revert_line,0,bash-3.2/lib/readline/undo.c
rl_yank_nth_arg,0,bash-3.2/lib/readline/kill.c
rl_backward_char_search,0,bash-3.2/lib/readline/text.c
rl_insert_comment,0,bash-3.2/lib/readline/text.c
rl_tilde_expand,0,bash-3.2/lib/readline/util.c
rl_yank_last_arg,0,bash-3.2/lib/readline/kill.c
rl_do_lowercase_version,0,bash-3.2/lib/readline/text.c
rl_delete_horizontal_space,0,bash-3.2/lib/readline/text.c
rl_backward_word,0,bash-3.2/lib/readline/text.c
rl_capitalize_word,0,bash-3.2/lib/readline/text.c
rl_kill_word,0,bash-3.2/lib/readline/kill.c
rl_forward_word,0,bash-3.2/lib/readline/text.c
rl_downcase_word,0,bash-3.2/lib/readline/text.c
rl_noninc_forward_search,0,bash-3.2/lib/readline/search.c
rl_noninc_reverse_search,0,bash-3.2/lib/readline/search.c
rl_transpose_words,0,bash-3.2/lib/readline/text.c
rl_upcase_word,0,bash-3.2/lib/readline/text.c
rl_yank_pop,0,bash-3.2/lib/readline/kill.c
rl_re_read_init_file,0,bash-3.2/lib/readline/bind.c
rl_exchange_point_and_mark,0,bash-3.2/lib/readline/text.c
rl_start_kbd_macro,0,bash-3.2/lib/readline/macro.c
rl_end_kbd_macro,0,bash-3.2/lib/readline/macro.c
rl_call_last_kbd_macro,0,bash-3.2/lib/readline/macro.c
rl_backward_kill_line,0,bash-3.2/lib/readline/kill.c
get_clk_tck,0,bash-3.2/lib/sh/clktck.c
unfreeze_jobs_list,0,bash-3.2/jobs.c
get_tty_state,0,bash-3.2/nojobs.c
show_shell_version,1,bash-3.2/version.c
return_EOF,0,bash-3.2/y.tab.c
reset_parser,0,bash-3.2/y.tab.c
parse_string_to_word_list,0,bash-3.2/y.tab.c
get_current_prompt_level,0,bash-3.2/y.tab.c
set_default_locale,0,bash-3.2/locale.c
set_default_locale_vars,0,bash-3.2/locale.c
set_default_lang,0,bash-3.2/locale.c
get_locale_var,0,bash-3.2/locale.c
localetrans,0,bash-3.2/locale.c
mk_msgstr,0,bash-3.2/locale.c
localeexpand,0,bash-3.2/locale.c
find_string_in_alist,0,bash-3.2/stringlib.c
find_token_in_alist,0,bash-3.2/stringlib.c
find_index_in_alist,0,bash-3.2/stringlib.c
strsub,0,bash-3.2/stringlib.c
strcreplace,0,bash-3.2/stringlib.c
isnetconn,0,bash-3.2/lib/sh/netconn.c
netopen,0,bash-3.2/lib/sh/netopen.c
gethostname,0,bash-3.2/lib/sh/oslib.c
getmaxchild,0,bash-3.2/lib/sh/oslib.c
sh_physpath,0,bash-3.2/lib/sh/pathphys.c
sh_double_quote,0,bash-3.2/lib/sh/shquote.c
sh_mkdoublequoted,0,bash-3.2/lib/sh/shquote.c
sh_un_double_quote,0,bash-3.2/lib/sh/shquote.c
sh_backslash_quote,0,bash-3.2/lib/sh/shquote.c
spname,0,bash-3.2/lib/sh/spell.c
strindex,0,bash-3.2/lib/sh/strindex.c
strlist_create,0,bash-3.2/lib/sh/stringlist.c
strlist_resize,0,bash-3.2/lib/sh/stringlist.c
strlist_flush,0,bash-3.2/lib/sh/stringlist.c
strlist_dispose,0,bash-3.2/lib/sh/stringlist.c
strlist_remove,0,bash-3.2/lib/sh/stringlist.c
strlist_copy,0,bash-3.2/lib/sh/stringlist.c
strlist_merge,0,bash-3.2/lib/sh/stringlist.c
strlist_append,0,bash-3.2/lib/sh/stringlist.c
strlist_prefix_suffix,0,bash-3.2/lib/sh/stringlist.c
strlist_print,0,bash-3.2/lib/sh/stringlist.c
strlist_walk,0,bash-3.2/lib/sh/stringlist.c
strlist_sort,0,bash-3.2/lib/sh/stringlist.c
strvec_remove,0,bash-3.2/lib/sh/stringvec.c
strvec_copy,0,bash-3.2/lib/sh/stringvec.c
strvec_strcmp,0,bash-3.2/lib/sh/stringvec.c
sh_mktmpfd,0,bash-3.2/lib/sh/tmpfile.c
get_new_window_size,0,bash-3.2/lib/sh/winsize.c
update_line,1,bash-3.2/lib/readline/display.c
space_to_eol,0,bash-3.2/lib/readline/display.c
delete_chars,0,bash-3.2/lib/readline/display.c
insert_some_chars,0,bash-3.2/lib/readline/display.c
cr,0,bash-3.2/lib/readline/display.c
expand_prompt,0,bash-3.2/lib/readline/display.c
_rl_strip_prompt,0,bash-3.2/lib/readline/display.c
rl_expand_prompt,1,bash-3.2/lib/readline/display.c
init_line_structures,0,bash-3.2/lib/readline/display.c
rl_on_new_line,0,bash-3.2/lib/readline/display.c
_rl_clear_to_eol,0,bash-3.2/lib/readline/display.c
_rl_move_cursor_relative,1,bash-3.2/lib/readline/display.c
rl_on_new_line_with_prompt,0,bash-3.2/lib/readline/display.c
rl_show_char,0,bash-3.2/lib/readline/display.c
rl_character_len,0,bash-3.2/lib/readline/display.c
rl_reset_line_state,0,bash-3.2/lib/readline/display.c
_rl_make_prompt_for_search,0,bash-3.2/lib/readline/display.c
_rl_erase_at_end_of_line,0,bash-3.2/lib/readline/display.c
_rl_clear_screen,0,bash-3.2/lib/readline/display.c
_rl_update_final,0,bash-3.2/lib/readline/display.c
redraw_prompt,0,bash-3.2/lib/readline/display.c
_rl_current_display_line,0,bash-3.2/lib/readline/display.c
glob_pattern_p,0,bash-3.2/lib/glob/glob.c
initialize_siglist,0,bash-3.2/siglist.c
no_args,1,bash-3.2/builtins/common.c
sh_needarg,0,bash-3.2/builtins/common.c
sh_neednumarg,0,bash-3.2/builtins/common.c
sh_notfound,0,bash-3.2/builtins/common.c
sh_invalidopt,0,bash-3.2/builtins/common.c
sh_invalidoptname,0,bash-3.2/builtins/common.c
sh_invalidid,0,bash-3.2/builtins/common.c
sh_invalidsig,0,bash-3.2/builtins/common.c
sh_badpid,0,bash-3.2/builtins/common.c
sh_erange,0,bash-3.2/builtins/common.c
sh_notbuiltin,0,bash-3.2/builtins/common.c
sh_wrerror,0,bash-3.2/builtins/common.c
set_dollar_vars_changed,0,bash-3.2/builtins/common.c
dollar_vars_changed,0,bash-3.2/builtins/common.c
get_numeric_arg,1,bash-3.2/builtins/common.c
get_exitstat,0,bash-3.2/builtins/common.c
read_octal,0,bash-3.2/builtins/common.c
display_signal_list,0,bash-3.2/builtins/common.c
signal_name,0,bash-3.2/trap.c
decode_signal,0,bash-3.2/trap.c
shell_builtin_compare,0,bash-3.2/builtins/common.c
initialize_shell_builtins,0,bash-3.2/builtins/common.c
parse_and_execute_cleanup,0,bash-3.2/builtins/evalstring.c
maybe_execute_file,0,bash-3.2/builtins/evalfile.c
source_file,0,bash-3.2/builtins/evalfile.c
copy_case_clause,0,bash-3.2/copy_cmd.c
copy_case_clauses,0,bash-3.2/copy_cmd.c
copy_for_command,0,bash-3.2/copy_cmd.c
copy_group_command,0,bash-3.2/copy_cmd.c
copy_subshell_command,0,bash-3.2/copy_cmd.c
copy_case_command,0,bash-3.2/copy_cmd.c
copy_while_command,0,bash-3.2/copy_cmd.c
copy_if_command,0,bash-3.2/copy_cmd.c
copy_simple_command,0,bash-3.2/copy_cmd.c
rl_make_bare_keymap,0,bash-3.2/lib/readline/keymaps.c
rl_copy_keymap,0,bash-3.2/lib/readline/keymaps.c
rl_make_keymap,0,bash-3.2/lib/readline/keymaps.c
rl_discard_keymap,0,bash-3.2/lib/readline/keymaps.c
sh_get_home_dir,0,bash-3.2/variables.c
set_tty_state,0,bash-3.2/jobs.c
sh_get_env_value,0,bash-3.2/lib/readline/shell.c
sh_single_quote,0,bash-3.2/lib/sh/shquote.c
logname_builtin,0,bash-3.2/examples/loadables/logname.c
alloc_pid_list,0,bash-3.2/nojobs.c
find_proc_slot,0,bash-3.2/nojobs.c
find_index_by_pid,0,bash-3.2/nojobs.c
find_status_by_pid,0,bash-3.2/nojobs.c
memory_out,0,bash-3.2/lib/termcap/termcap.c
find_termsig_by_pid,0,bash-3.2/nojobs.c
get_termsig,0,bash-3.2/nojobs.c
set_pid_status,0,bash-3.2/nojobs.c
set_pid_flags,0,bash-3.2/nojobs.c
unset_pid_flags,0,bash-3.2/nojobs.c
get_pid_flags,0,bash-3.2/nojobs.c
add_pid,0,bash-3.2/nojobs.c
wait_for_single_pid,0,bash-3.2/jobs.c
isolate_tilde_prefix,0,bash-3.2/lib/tilde/tilde.c
cleanup_dead_jobs,0,bash-3.2/nojobs.c
get_job_by_pid,0,bash-3.2/jobs.c
glue_prefix_and_suffix,0,bash-3.2/lib/tilde/tilde.c
count_all_jobs,0,bash-3.2/jobs.c
wait_for_background_pids,0,bash-3.2/jobs.c
trap_to_sighandler,0,bash-3.2/trap.c
trap_handler,0,bash-3.2/trap.c
maybe_call_trap_handler,0,bash-3.2/trap.c
restore_sigint_handler,0,bash-3.2/jobs.c
j_strsignal,0,bash-3.2/jobs.c
tilde_find_suffix,0,bash-3.2/lib/tilde/tilde.c
rl_get_keymap_by_name,0,bash-3.2/lib/readline/bind.c
rl_get_keymap,0,bash-3.2/lib/readline/bind.c
rl_set_keymap,0,bash-3.2/lib/readline/bind.c
_rl_callback_newline,0,bash-3.2/lib/readline/callback.c
rl_initialize,0,bash-3.2/lib/readline/readline.c
readline_internal_setup,0,bash-3.2/lib/readline/readline.c
rl_callback_handler_install,0,bash-3.2/lib/readline/callback.c
rl_set_prompt,0,bash-3.2/lib/readline/readline.c
rl_callback_read_char,0,bash-3.2/lib/readline/callback.c
_rl_isearch_callback,0,bash-3.2/lib/readline/isearch.c
_rl_nsearch_callback,0,bash-3.2/lib/readline/search.c
_rl_internal_char_cleanup,0,bash-3.2/lib/readline/readline.c
_rl_dispatch_callback,1,bash-3.2/lib/readline/readline.c
_rl_callback_data_dispose,0,bash-3.2/lib/readline/callback.c
readline_internal_char,0,bash-3.2/lib/readline/readline.c
readline_internal_teardown,0,bash-3.2/lib/readline/readline.c
_rl_init_line_state,0,bash-3.2/lib/readline/readline.c
_rl_pushed_input_available,0,bash-3.2/lib/readline/input.c
rl_callback_handler_remove,0,bash-3.2/lib/readline/callback.c
_rl_callback_data_alloc,0,bash-3.2/lib/readline/callback.c
rename,0,bash-3.2/lib/sh/rename.c
get_history_word_specifier,0,bash-3.2/lib/readline/histexpand.c
history_find_word,0,bash-3.2/lib/readline/histexpand.c
history_tokenize_word,0,bash-3.2/lib/readline/histexpand.c
history_substring,0,bash-3.2/lib/readline/histexpand.c
quote_breaks,0,bash-3.2/lib/readline/histexpand.c
get_history_event,0,bash-3.2/lib/readline/histexpand.c
history_get,0,bash-3.2/lib/readline/history.c
hist_string_extract_single_quoted,0,bash-3.2/lib/readline/histexpand.c
hist_error,0,bash-3.2/lib/readline/histexpand.c
get_subst_pattern,0,bash-3.2/lib/readline/histexpand.c
postproc_subst_rhs,0,bash-3.2/lib/readline/histexpand.c
history_expand_internal,0,bash-3.2/lib/readline/histexpand.c
history_expand,0,bash-3.2/lib/readline/histexpand.c
history_arg_extract,0,bash-3.2/lib/readline/histexpand.c
history_tokenize,0,bash-3.2/lib/readline/histexpand.c
history_tokenize_internal,0,bash-3.2/lib/readline/histexpand.c
rl_set_retained_kills,0,bash-3.2/lib/readline/kill.c
_rl_fix_last_undo_of_type,0,bash-3.2/lib/readline/undo.c
_rl_savestring,0,bash-3.2/lib/readline/util.c
_rl_keyseq_cxt_alloc,0,bash-3.2/lib/readline/readline.c
_rl_keyseq_cxt_dispose,0,bash-3.2/lib/readline/readline.c
_rl_keyseq_chain_dispose,0,bash-3.2/lib/readline/readline.c
_rl_any_typein,0,bash-3.2/lib/readline/input.c
_rl_input_available,0,bash-3.2/lib/readline/input.c
_rl_input_queued,0,bash-3.2/lib/readline/input.c
_rl_insert_typein,0,bash-3.2/lib/readline/input.c
_rl_unget_char,1,bash-3.2/lib/readline/input.c
_rl_scxt_alloc,0,bash-3.2/lib/readline/isearch.c
_rl_scxt_dispose,0,bash-3.2/lib/readline/isearch.c
_rl_isearch_dispatch,1,bash-3.2/lib/readline/isearch.c
_rl_search_getchar,0,bash-3.2/lib/readline/isearch.c
_rl_with_macro_input,0,bash-3.2/lib/readline/macro.c
_rl_next_macro_key,0,bash-3.2/lib/readline/macro.c
_rl_push_executing_macro,0,bash-3.2/lib/readline/macro.c
_rl_pop_executing_macro,0,bash-3.2/lib/readline/macro.c
_rl_add_macro_char,0,bash-3.2/lib/readline/macro.c
_rl_init_eightbit,0,bash-3.2/lib/readline/nls.c
_rl_set_the_line,0,bash-3.2/lib/readline/readline.c
_rl_dispatch_subseq,0,bash-3.2/lib/readline/readline.c
_rl_fix_point,0,bash-3.2/lib/readline/text.c
_rl_overwrite_char,0,bash-3.2/lib/readline/text.c
_rl_overwrite_rubout,0,bash-3.2/lib/readline/text.c
_rl_rubout_char,0,bash-3.2/lib/readline/text.c
_rl_char_search_internal,0,bash-3.2/lib/readline/text.c
_rl_set_mark_at_pos,0,bash-3.2/lib/readline/text.c
_rl_copy_undo_entry,0,bash-3.2/lib/readline/undo.c
_rl_copy_undo_list,0,bash-3.2/lib/readline/undo.c
_rl_strindex,0,bash-3.2/lib/readline/util.c
_rl_uppercase_p,0,bash-3.2/lib/readline/util.c
_rl_lowercase_p,0,bash-3.2/lib/readline/util.c
_rl_pure_alphabetic,0,bash-3.2/lib/readline/util.c
_rl_digit_p,0,bash-3.2/lib/readline/util.c
_rl_to_lower,0,bash-3.2/lib/readline/util.c
_rl_to_upper,0,bash-3.2/lib/readline/util.c
_rl_digit_value,0,bash-3.2/lib/readline/util.c
_rl_vi_initialize_line,0,bash-3.2/lib/readline/vi_mode.c
_rl_vi_reset_last,0,bash-3.2/lib/readline/vi_mode.c
_rl_vi_set_last,0,bash-3.2/lib/readline/vi_mode.c
_rl_vi_textmod_command,0,bash-3.2/lib/readline/vi_mode.c
_rl_vi_done_inserting,0,bash-3.2/lib/readline/vi_mode.c
printst,0,bash-3.2/examples/loadables/finfo.c
printsome,0,bash-3.2/examples/loadables/finfo.c
printfinfo,0,bash-3.2/examples/loadables/finfo.c
finfo_main,0,bash-3.2/examples/loadables/finfo.c
octal,0,bash-3.2/examples/loadables/finfo.c
sh_getopt,0,bash-3.2/builtins/getopt.c
getstat,0,bash-3.2/examples/loadables/finfo.c
getperm,0,bash-3.2/examples/loadables/finfo.c
perms,0,bash-3.2/examples/loadables/finfo.c
printmode,0,bash-3.2/examples/loadables/finfo.c
finfo_builtin,0,bash-3.2/examples/loadables/finfo.c
gmatch,0,bash-3.2/lib/glob/sm_loop.c
parse_collsym,0,bash-3.2/lib/glob/sm_loop.c
brackmatch,0,bash-3.2/lib/glob/sm_loop.c
strerror,0,bash-3.2/support/man2html.c
strgrow,0,bash-3.2/support/man2html.c
stralloc,0,bash-3.2/support/man2html.c
strduplicate,0,bash-3.2/support/man2html.c
strmaxcpy,0,bash-3.2/support/man2html.c
strmaxcat,0,bash-3.2/support/man2html.c
strlimitcpy,0,bash-3.2/support/man2html.c
escape_input,0,bash-3.2/support/man2html.c
unfreeze_jobs_list,0,bash-3.2/nojobs.c
scan_troff,0,bash-3.2/support/man2html.c
scan_troff_mandoc,0,bash-3.2/support/man2html.c
print_sig,0,bash-3.2/support/man2html.c
expand_char,0,bash-3.2/support/man2html.c
expand_string,0,bash-3.2/support/man2html.c
read_man_page,0,bash-3.2/support/man2html.c
add_links,0,bash-3.2/support/man2html.c
strstr,0,bash-3.2/lib/sh/strstr.c
out_html,0,bash-3.2/support/man2html.c
change_to_font,0,bash-3.2/support/man2html.c
change_to_size,0,bash-3.2/support/man2html.c
scan_escape,0,bash-3.2/support/man2html.c
clear_table,0,bash-3.2/support/man2html.c
scan_expression,0,bash-3.2/support/man2html.c
scan_format,0,bash-3.2/support/man2html.c
next_row,0,bash-3.2/support/man2html.c
scan_table,0,bash-3.2/support/man2html.c
trans_char,0,bash-3.2/support/man2html.c
unescape,0,bash-3.2/support/man2html.c
fill_words,0,bash-3.2/support/man2html.c
lookup_abbrev,0,bash-3.2/support/man2html.c
add_to_index,0,bash-3.2/support/man2html.c
skip_till_newline,0,bash-3.2/support/man2html.c
outputPageHeader,0,bash-3.2/support/man2html.c
outputPageFooter,0,bash-3.2/support/man2html.c
scan_request,0,bash-3.2/support/man2html.c
flush,0,bash-3.2/support/man2html.c
file_error,0,bash-3.2/builtins/mkbuiltins.c
tty_builtin,0,bash-3.2/examples/loadables/tty.c
sh_set_lines_and_columns,0,bash-3.2/lib/readline/shell.c
libintl_gettext,0,bash-3.2/lib/intl/gettext.c
libintl_dcgettext,0,bash-3.2/lib/intl/dcgettext.c
skipname,0,bash-3.2/lib/glob/glob.c
udequote_pathname,0,bash-3.2/lib/glob/glob.c
glob_testdir,0,bash-3.2/lib/glob/glob.c
glob_dir_to_array,0,bash-3.2/lib/glob/glob.c
glob_vector,0,bash-3.2/lib/glob/glob.c
ibuffer_space,0,bash-3.2/lib/readline/input.c
rl_get_char,1,bash-3.2/lib/readline/input.c
rl_gather_tyi,1,bash-3.2/lib/readline/input.c
rl_stuff_char,1,bash-3.2/lib/readline/input.c
rl_set_keyboard_input_timeout,0,bash-3.2/lib/readline/input.c
validate_path,0,bash-3.2/examples/loadables/pathchk.c
pathchk_builtin,0,bash-3.2/examples/loadables/pathchk.c
portable_chars_only,0,bash-3.2/examples/loadables/pathchk.c
dir_ok,0,bash-3.2/examples/loadables/pathchk.c
xstrdup,0,bash-3.2/examples/loadables/pathchk.c
cat_file,0,bash-3.2/builtins/evalstring.c
run_trap_cleanup,0,bash-3.2/trap.c
pop_stream,0,bash-3.2/y.tab.c
push_stream,0,bash-3.2/y.tab.c
with_input_from_string,0,bash-3.2/y.tab.c
redirection_expand,0,bash-3.2/redir.c
redirection_error,0,bash-3.2/redir.c
basename_builtin,0,bash-3.2/examples/loadables/basename.c
internal_malloc,0,bash-3.2/lib/malloc/malloc.c
internal_realloc,0,bash-3.2/lib/malloc/malloc.c
internal_free,0,bash-3.2/lib/malloc/malloc.c
internal_memalign,0,bash-3.2/lib/malloc/malloc.c
internal_calloc,0,bash-3.2/lib/malloc/malloc.c
internal_cfree,0,bash-3.2/lib/malloc/malloc.c
internal_valloc,0,bash-3.2/lib/malloc/malloc.c
botch,0,bash-3.2/lib/malloc/malloc.c
xbotch,0,bash-3.2/lib/malloc/malloc.c
bcoalesce,0,bash-3.2/lib/malloc/malloc.c
bsplit,0,bash-3.2/lib/malloc/malloc.c
xsplit,0,bash-3.2/lib/malloc/malloc.c
block_signals,0,bash-3.2/lib/malloc/malloc.c
unblock_signals,0,bash-3.2/lib/malloc/malloc.c
lesscore,0,bash-3.2/lib/malloc/malloc.c
morecore,0,bash-3.2/lib/malloc/malloc.c
malloc_debug_dummy,0,bash-3.2/lib/malloc/malloc.c
pagealign,0,bash-3.2/lib/malloc/malloc.c
sh_malloc,0,bash-3.2/lib/malloc/malloc.c
sh_realloc,0,bash-3.2/lib/malloc/malloc.c
sh_free,0,bash-3.2/lib/malloc/malloc.c
sh_memalign,0,bash-3.2/lib/malloc/malloc.c
sh_calloc,0,bash-3.2/lib/malloc/malloc.c
sh_cfree,0,bash-3.2/lib/malloc/malloc.c
sh_valloc,0,bash-3.2/lib/malloc/malloc.c
memalign,0,bash-3.2/lib/malloc/malloc.c
valloc,0,bash-3.2/lib/malloc/malloc.c
calloc,0,bash-3.2/lib/malloc/malloc.c
cfree,0,bash-3.2/lib/malloc/malloc.c
bash_malloc_stub,0,bash-3.2/lib/malloc/stub.c
_rl_vi_stuff_insert,0,bash-3.2/lib/readline/vi_mode.c
_rl_vi_save_insert,0,bash-3.2/lib/readline/vi_mode.c
_rl_vi_backup,0,bash-3.2/lib/readline/vi_mode.c
_rl_vi_arg_dispatch,0,bash-3.2/lib/readline/vi_mode.c
rl_digit_loop1,0,bash-3.2/lib/readline/vi_mode.c
_rl_vi_set_mark,1,bash-3.2/lib/readline/vi_mode.c
_rl_vi_goto_mark,1,bash-3.2/lib/readline/vi_mode.c
_rl_vi_append_forward,0,bash-3.2/lib/readline/vi_mode.c
_rl_vi_callback_getchar,1,bash-3.2/lib/readline/vi_mode.c
_rl_vi_callback_set_mark,0,bash-3.2/lib/readline/vi_mode.c
_rl_vi_callback_goto_mark,0,bash-3.2/lib/readline/vi_mode.c
_rl_vi_callback_change_char,1,bash-3.2/lib/readline/vi_mode.c
_rl_vi_callback_char_search,1,bash-3.2/lib/readline/vi_mode.c
rl_vi_start_inserting,0,bash-3.2/lib/readline/vi_mode.c
rl_vi_redo,0,bash-3.2/lib/readline/vi_mode.c
rl_vi_undo,0,bash-3.2/lib/readline/vi_mode.c
rl_vi_yank_arg,0,bash-3.2/lib/readline/vi_mode.c
rl_vi_fetch_history,0,bash-3.2/lib/readline/vi_mode.c
rl_vi_search_again,0,bash-3.2/lib/readline/vi_mode.c
rl_noninc_reverse_search_again,0,bash-3.2/lib/readline/search.c
rl_noninc_forward_search_again,0,bash-3.2/lib/readline/search.c
rl_vi_search,0,bash-3.2/lib/readline/vi_mode.c
rl_vi_complete,0,bash-3.2/lib/readline/vi_mode.c
rl_vi_end_word,0,bash-3.2/lib/readline/vi_mode.c
rl_vi_tilde_expand,0,bash-3.2/lib/readline/vi_mode.c
rl_vi_prev_word,0,bash-3.2/lib/readline/vi_mode.c
rl_vi_next_word,0,bash-3.2/lib/readline/vi_mode.c
rl_vi_bWord,0,bash-3.2/lib/readline/vi_mode.c
rl_vi_bword,0,bash-3.2/lib/readline/vi_mode.c
rl_vi_fWord,0,bash-3.2/lib/readline/vi_mode.c
rl_vi_fword,0,bash-3.2/lib/readline/vi_mode.c
rl_vi_eWord,0,bash-3.2/lib/readline/vi_mode.c
rl_vi_eword,0,bash-3.2/lib/readline/vi_mode.c
rl_vi_insert_beg,0,bash-3.2/lib/readline/vi_mode.c
rl_vi_append_mode,0,bash-3.2/lib/readline/vi_mode.c
rl_vi_append_eol,0,bash-3.2/lib/readline/vi_mode.c
rl_vi_eof_maybe,0,bash-3.2/lib/readline/vi_mode.c
rl_vi_movement_mode,0,bash-3.2/lib/readline/vi_mode.c
rl_vi_arg_digit,0,bash-3.2/lib/readline/vi_mode.c
rl_vi_delete,0,bash-3.2/lib/readline/vi_mode.c
rl_vi_check,0,bash-3.2/lib/readline/vi_mode.c
rl_vi_change_case,0,bash-3.2/lib/readline/vi_mode.c
rl_vi_put,0,bash-3.2/lib/readline/vi_mode.c
rl_vi_column,0,bash-3.2/lib/readline/vi_mode.c
rl_vi_domove,1,bash-3.2/lib/readline/vi_mode.c
rl_vi_delete_to,0,bash-3.2/lib/readline/vi_mode.c
rl_kill_text,0,bash-3.2/lib/readline/kill.c
rl_vi_change_to,0,bash-3.2/lib/readline/vi_mode.c
rl_vi_yank_to,0,bash-3.2/lib/readline/vi_mode.c
rl_do_undo,0,bash-3.2/lib/readline/undo.c
rl_vi_rubout,0,bash-3.2/lib/readline/vi_mode.c
rl_vi_back_to_indent,0,bash-3.2/lib/readline/vi_mode.c
rl_vi_first_print,0,bash-3.2/lib/readline/vi_mode.c
rl_vi_char_search,1,bash-3.2/lib/readline/vi_mode.c
rl_vi_match,0,bash-3.2/lib/readline/vi_mode.c
rl_vi_bracktype,0,bash-3.2/lib/readline/vi_mode.c
_rl_vi_change_char,0,bash-3.2/lib/readline/vi_mode.c
rl_vi_change_char,1,bash-3.2/lib/readline/vi_mode.c
rl_vi_subst,0,bash-3.2/lib/readline/vi_mode.c
rl_vi_overstrike,0,bash-3.2/lib/readline/vi_mode.c
rl_vi_overstrike_delete,0,bash-3.2/lib/readline/vi_mode.c
rl_vi_replace,0,bash-3.2/lib/readline/vi_mode.c
rl_vi_set_mark,0,bash-3.2/lib/readline/vi_mode.c
rl_vi_goto_mark,0,bash-3.2/lib/readline/vi_mode.c
hist_inittime,0,bash-3.2/lib/readline/history.c
history_get_history_state,0,bash-3.2/lib/readline/history.c
history_set_history_state,0,bash-3.2/lib/readline/history.c
history_total_bytes,0,bash-3.2/lib/readline/history.c
alloc_history_entry,0,bash-3.2/lib/readline/history.c
history_get_time,0,bash-3.2/lib/readline/history.c
free_history_entry,0,bash-3.2/lib/readline/history.c
copy_history_entry,0,bash-3.2/lib/readline/history.c
replace_history_data,0,bash-3.2/lib/readline/history.c
remove_history,0,bash-3.2/lib/readline/history.c
stifle_history,0,bash-3.2/lib/readline/history.c
unstifle_history,0,bash-3.2/lib/readline/history.c
history_is_stifled,0,bash-3.2/lib/readline/history.c
clear_history,0,bash-3.2/lib/readline/history.c
libintl_ngettext,0,bash-3.2/lib/intl/ngettext.c
sh_getopt_restore_state,0,bash-3.2/builtins/getopt.c
normalize_codeset,0,bash-3.2/lib/readline/nls.c
find_codeset,0,bash-3.2/lib/readline/nls.c
_rl_get_locale_var,0,bash-3.2/lib/readline/nls.c
get_sysdep_segment_value,0,bash-3.2/lib/intl/loadmsgcat.c
extract_plural_expression,0,bash-3.2/lib/intl/plural-exp.c
tilde_find_prefix,0,bash-3.2/lib/tilde/tilde.c
dolink,0,bash-3.2/examples/loadables/ln.c
ln_builtin,0,bash-3.2/examples/loadables/ln.c
mkdirpath,0,bash-3.2/examples/loadables/ln.c
set_deftext,0,bash-3.2/lib/readline/examples/rl.c
tilde_expand_word,0,bash-3.2/lib/readline/tilde.c
fatal_error,0,bash-3.2/error.c
inituser,0,bash-3.2/examples/loadables/id.c
id_pruser,0,bash-3.2/examples/loadables/id.c
id_prgrp,0,bash-3.2/examples/loadables/id.c
id_prgroups,0,bash-3.2/examples/loadables/id.c
id_prall,0,bash-3.2/examples/loadables/id.c
id_builtin,0,bash-3.2/examples/loadables/id.c
rl_tty_status,0,bash-3.2/lib/readline/util.c
rl_refresh_line,0,bash-3.2/lib/readline/text.c
rl_extend_line_buffer,0,bash-3.2/lib/readline/util.c
_rl_stricmp,0,bash-3.2/lib/readline/util.c
get_env_value,0,bash-3.2/lib/tilde/shell.c
get_home_dir,0,bash-3.2/lib/tilde/shell.c
make_history_line_current,0,bash-3.2/lib/readline/search.c
noninc_search_from_pos,0,bash-3.2/lib/readline/search.c
noninc_dosearch,0,bash-3.2/lib/readline/search.c
noninc_search,0,bash-3.2/lib/readline/search.c
rl_history_search_internal,0,bash-3.2/lib/readline/search.c
rl_history_search_reinit,0,bash-3.2/lib/readline/search.c
_rl_nsearch_init,0,bash-3.2/lib/readline/search.c
_rl_nsearch_cleanup,0,bash-3.2/lib/readline/search.c
_rl_nsearch_abort,0,bash-3.2/lib/readline/search.c
_rl_nsearch_dispatch,0,bash-3.2/lib/readline/search.c
_rl_nsearch_dosearch,0,bash-3.2/lib/readline/search.c
rl_history_search_forward,0,bash-3.2/lib/readline/search.c
rl_history_search_backward,0,bash-3.2/lib/readline/search.c
rl_arrow_keys,0,bash-3.2/lib/readline/text.c
rl_backward_byte,0,bash-3.2/lib/readline/text.c
rl_copy_backward_word,0,bash-3.2/lib/readline/kill.c
rl_copy_forward_word,0,bash-3.2/lib/readline/kill.c
rl_copy_region_to_kill,0,bash-3.2/lib/readline/kill.c
rl_delete_or_show_completions,0,bash-3.2/lib/readline/text.c
rl_dump_functions,0,bash-3.2/lib/readline/bind.c
rl_dump_macros,0,bash-3.2/lib/readline/bind.c
rl_dump_variables,0,bash-3.2/lib/readline/bind.c
rl_rubout_or_delete,0,bash-3.2/lib/readline/text.c
rl_forward_byte,0,bash-3.2/lib/readline/text.c
rl_kill_full_line,0,bash-3.2/lib/readline/kill.c
rl_kill_region,0,bash-3.2/lib/readline/kill.c
rl_unix_filename_rubout,0,bash-3.2/lib/readline/kill.c
rl_add_funmap_entry,0,bash-3.2/lib/readline/funmap.c
rl_initialize_funmap,0,bash-3.2/lib/readline/funmap.c
rl_funmap_names,0,bash-3.2/lib/readline/funmap.c
killpg,0,bash-3.2/lib/sh/oslib.c
process_line,0,bash-3.2/lib/readline/examples/excallback.c
change_prompt,0,bash-3.2/lib/readline/examples/excallback.c
get_prompt,0,bash-3.2/lib/readline/examples/excallback.c
describe_pid,0,bash-3.2/nojobs.c
rl_add_defun,0,bash-3.2/lib/readline/bind.c
alloc_undo_entry,0,bash-3.2/lib/readline/undo.c
rl_add_undo,0,bash-3.2/lib/readline/undo.c
rl_modifying,0,bash-3.2/lib/readline/undo.c
hash_string,0,bash-3.2/hashlib.c
copy_bucket_array,0,bash-3.2/hashlib.c
hash_size,0,bash-3.2/hashlib.c
hash_copy,0,bash-3.2/hashlib.c
hash_bucket,0,bash-3.2/hashlib.c
hash_walk,0,bash-3.2/hashlib.c
strprint,0,bash-3.2/support/recho.c
default_tty_job_signals,0,bash-3.2/nojobs.c
_evalfile,0,bash-3.2/builtins/evalfile.c
readline_internal,0,bash-3.2/lib/readline/readline.c
readline_initialize_everything,0,bash-3.2/lib/readline/readline.c
bind_arrow_keys_internal,0,bash-3.2/lib/readline/readline.c
bind_arrow_keys,0,bash-3.2/lib/readline/readline.c
readline_default_bindings,0,bash-3.2/lib/readline/readline.c
reset_default_bindings,0,bash-3.2/lib/readline/readline.c
_rl_subseq_result,0,bash-3.2/lib/readline/readline.c
_rl_subseq_getchar,0,bash-3.2/lib/readline/readline.c
readline_internal_charloop,0,bash-3.2/lib/readline/readline.c
rl_read_init_file,0,bash-3.2/lib/readline/bind.c
rl_set_keymap_from_edit_mode,0,bash-3.2/lib/readline/bind.c
rl_save_state,0,bash-3.2/lib/readline/readline.c
rl_restore_state,0,bash-3.2/lib/readline/readline.c
sh_stat,0,bash-3.2/lib/sh/eaccess.c
test_syntax_error,0,bash-3.2/test.c
beyond,0,bash-3.2/test.c
integer_expected_error,0,bash-3.2/test.c
unary_operator,0,bash-3.2/test.c
binary_operator,0,bash-3.2/test.c
two_arguments,0,bash-3.2/test.c
three_arguments,0,bash-3.2/test.c
posixtest,0,bash-3.2/test.c
expr,0,bash-3.2/test.c
term,0,bash-3.2/test.c
and,0,bash-3.2/test.c
or,0,bash-3.2/test.c
filecomp,0,bash-3.2/test.c
arithcomp,0,bash-3.2/test.c
patcomp,0,bash-3.2/test.c
test_binop,0,bash-3.2/test.c
test_unop,0,bash-3.2/test.c
binary_test,0,bash-3.2/test.c
unary_test,0,bash-3.2/test.c
test_command,0,bash-3.2/test.c
hello_builtin,0,bash-3.2/examples/loadables/hello.c
rl_forward,0,bash-3.2/lib/readline/text.c
rl_backward,0,bash-3.2/lib/readline/text.c
rl_unbind_key,0,bash-3.2/lib/readline/bind.c
rl_unbind_key_in_map,0,bash-3.2/lib/readline/bind.c
rl_bind_key_if_unbound,0,bash-3.2/lib/readline/bind.c
rl_bind_key_if_unbound_in_map,0,bash-3.2/lib/readline/bind.c
rl_unbind_function_in_map,0,bash-3.2/lib/readline/bind.c
rl_unbind_command_in_map,0,bash-3.2/lib/readline/bind.c
rl_bind_keyseq,0,bash-3.2/lib/readline/bind.c
rl_bind_keyseq_in_map,0,bash-3.2/lib/readline/bind.c
rl_bind_keyseq_if_unbound_in_map,0,bash-3.2/lib/readline/bind.c
rl_generic_bind,0,bash-3.2/lib/readline/bind.c
rl_variable_value,0,bash-3.2/lib/readline/bind.c
rl_set_key,0,bash-3.2/lib/readline/bind.c
rl_macro_bind,0,bash-3.2/lib/readline/bind.c
rl_translate_keyseq,0,bash-3.2/lib/readline/bind.c
rl_named_function,0,bash-3.2/lib/readline/bind.c
rl_function_of_keyseq,0,bash-3.2/lib/readline/bind.c
rl_list_funmap_names,0,bash-3.2/lib/readline/bind.c
rl_invoking_keyseqs_in_map,0,bash-3.2/lib/readline/bind.c
rl_invoking_keyseqs,0,bash-3.2/lib/readline/bind.c
rl_function_dumper,0,bash-3.2/lib/readline/bind.c
rl_macro_dumper,0,bash-3.2/lib/readline/bind.c
rl_variable_dumper,0,bash-3.2/lib/readline/bind.c
rl_parse_and_bind,0,bash-3.2/lib/readline/bind.c
rl_get_keymap_name,0,bash-3.2/lib/readline/bind.c
rl_get_keymap_name_from_edit_mode,0,bash-3.2/lib/readline/bind.c
rl_push_macro_input,0,bash-3.2/lib/readline/macro.c
yy_getc,0,bash-3.2/y.tab.c
yy_ungetc,0,bash-3.2/y.tab.c
yy_string_get,0,bash-3.2/y.tab.c
yy_string_unget,0,bash-3.2/y.tab.c
yy_stream_get,0,bash-3.2/y.tab.c
yy_stream_unget,0,bash-3.2/y.tab.c
shell_getc,0,bash-3.2/y.tab.c
shell_ungetc,0,bash-3.2/y.tab.c
discard_until,0,bash-3.2/y.tab.c
read_a_line,0,bash-3.2/y.tab.c
reserved_word_acceptable,0,bash-3.2/y.tab.c
yylex,0,bash-3.2/y.tab.c
time_command_acceptable,0,bash-3.2/y.tab.c
special_case_tokens,0,bash-3.2/y.tab.c
read_token,0,bash-3.2/y.tab.c
parse_matched_pair,0,bash-3.2/y.tab.c
read_token_word,0,bash-3.2/y.tab.c
discard_parser_constructs,0,bash-3.2/y.tab.c
error_token_from_token,0,bash-3.2/y.tab.c
error_token_from_text,0,bash-3.2/y.tab.c
print_offending_line,0,bash-3.2/y.tab.c
report_syntax_error,0,bash-3.2/y.tab.c
handle_eof_input_unit,0,bash-3.2/y.tab.c
prompt_again,0,bash-3.2/y.tab.c
print_prompt,0,bash-3.2/y.tab.c
yyerror,0,bash-3.2/y.tab.c
initialize_bash_input,0,bash-3.2/y.tab.c
init_yy_io,0,bash-3.2/y.tab.c
with_input_from_stdin,0,bash-3.2/y.tab.c
stream_on_stack,0,bash-3.2/y.tab.c
with_input_from_stream,0,bash-3.2/y.tab.c
getc_with_restart,0,bash-3.2/input.c
ungetc_with_restart,0,bash-3.2/input.c
save_token_state,0,bash-3.2/y.tab.c
restore_token_state,0,bash-3.2/y.tab.c
save_parser_state,0,bash-3.2/y.tab.c
restore_parser_state,0,bash-3.2/y.tab.c
find_reserved_word,0,bash-3.2/y.tab.c
parse_compound_assignment,0,bash-3.2/y.tab.c
rl_gets,0,bash-3.2/lib/readline/examples/manexamp.c
invert_case_line,0,bash-3.2/lib/readline/examples/manexamp.c
memory_error_and_abort,0,bash-3.2/builtins/mkbuiltins.c
xmalloc,0,bash-3.2/xmalloc.c
xrealloc,0,bash-3.2/xmalloc.c
tgetst1,0,bash-3.2/lib/termcap/termcap.c
find_capability,0,bash-3.2/lib/termcap/termcap.c
scan_file,0,bash-3.2/lib/termcap/termcap.c
gobble_line,0,bash-3.2/lib/termcap/termcap.c
compare_contin,0,bash-3.2/lib/termcap/termcap.c
name_match,0,bash-3.2/lib/termcap/termcap.c
fatal_error,0,bash-3.2/CWRU/misc/errlist.c
cat_main,0,bash-3.2/examples/loadables/cat.c
cat_builtin,0,bash-3.2/examples/loadables/cat.c
_rl_copy_to_kill_ring,0,bash-3.2/lib/readline/kill.c
region_kill_internal,0,bash-3.2/lib/readline/kill.c
_rl_copy_word_as_kill,0,bash-3.2/lib/readline/kill.c
rl_yank_nth_arg_internal,0,bash-3.2/lib/readline/kill.c
plural_eval,0,bash-3.2/lib/intl/eval-plural.h
process_exit_status,0,bash-3.2/nojobs.c
describe_pid,0,bash-3.2/jobs.c
tilde_expand_word,0,bash-3.2/lib/tilde/tilde.c
tilde_find_prefix,0,bash-3.2/lib/readline/tilde.c
initialize_job_signals,0,bash-3.2/jobs.c
give_terminal_to,0,bash-3.2/jobs.c
strerror,0,bash-3.2/mksyntax.c
tilde_expand,0,bash-3.2/lib/tilde/tilde.c
munge_list,0,bash-3.2/examples/loadables/head.c
file_head,0,bash-3.2/examples/loadables/head.c
head_builtin,0,bash-3.2/examples/loadables/head.c
read_alias_file,0,bash-3.2/lib/intl/localealias.c
extend_alias_table,0,bash-3.2/lib/intl/localealias.c
alias_compare,0,bash-3.2/lib/intl/localealias.c
phash_freedata,0,bash-3.2/hashcmd.c
phash_create,0,bash-3.2/hashcmd.c
phash_remove,0,bash-3.2/hashcmd.c
phash_insert,0,bash-3.2/hashcmd.c
phash_search,0,bash-3.2/hashcmd.c
libintl_textdomain,0,bash-3.2/lib/intl/textdomain.c
malloc_set_register,0,bash-3.2/lib/malloc/table.c
print_builtin,0,bash-3.2/examples/loadables/print.c
printargs,0,bash-3.2/examples/loadables/print.c
rl_change_case,0,bash-3.2/lib/readline/text.c
_rl_char_search,1,bash-3.2/lib/readline/text.c
_rl_insert_next_callback,0,bash-3.2/lib/readline/text.c
_rl_char_search_callback,0,bash-3.2/lib/readline/text.c
_rl_insert_next,1,bash-3.2/lib/readline/text.c
stop_pipeline,0,bash-3.2/jobs.c
argz_count__,0,bash-3.2/lib/intl/l10nflist.c
argz_stringify__,0,bash-3.2/lib/intl/l10nflist.c
argz_next__,0,bash-3.2/lib/intl/l10nflist.c
pop,0,bash-3.2/lib/intl/l10nflist.c
print_escaped,0,bash-3.2/lib/intl/log.c
free_trap_command,0,bash-3.2/trap.c
change_signal,0,bash-3.2/trap.c
get_original_signal,0,bash-3.2/trap.c
_run_trap_internal,0,bash-3.2/trap.c
reset_signal,0,bash-3.2/trap.c
restore_signal,0,bash-3.2/trap.c
reset_or_restore_signal_handlers,0,bash-3.2/trap.c
initialize_traps,0,bash-3.2/trap.c
initialize_signames,0,bash-3.2/support/signames.c
run_interrupt_trap,0,bash-3.2/trap.c
set_signal,0,bash-3.2/trap.c
termsig_sighandler,0,bash-3.2/sig.c
initialize_terminating_signals,0,bash-3.2/sig.c
ignore_signal,0,bash-3.2/trap.c
signal_is_special,0,bash-3.2/trap.c
get_charset_aliases,0,bash-3.2/lib/intl/localcharset.c
locale_charset,0,bash-3.2/lib/intl/localcharset.c
weeknumber,0,bash-3.2/lib/sh/strftime.c
iso8601wknum,0,bash-3.2/lib/sh/strftime.c
min,0,bash-3.2/lib/sh/strftime.c
max,0,bash-3.2/lib/sh/strftime.c
isleap,0,bash-3.2/lib/sh/strftime.c
_find_user_command_internal,0,bash-3.2/findcmd.c
find_user_command_internal,0,bash-3.2/findcmd.c
find_user_command_in_path,0,bash-3.2/findcmd.c
find_in_path_element,0,bash-3.2/findcmd.c
find_absolute_program,0,bash-3.2/findcmd.c
get_next_path_element,0,bash-3.2/findcmd.c
is_directory,0,bash-3.2/findcmd.c
executable_or_directory,0,bash-3.2/findcmd.c
find_path_file,0,bash-3.2/findcmd.c
user_command_matches,0,bash-3.2/findcmd.c
reset_locale_vars,0,bash-3.2/locale.c
locale_setblanks,0,bash-3.2/locale.c
gettext,0,bash-3.2/lib/intl/intl-compat.c
dgettext,0,bash-3.2/lib/intl/intl-compat.c
libintl_dgettext,0,bash-3.2/lib/intl/dgettext.c
dcgettext,0,bash-3.2/lib/intl/intl-compat.c
ngettext,0,bash-3.2/lib/intl/intl-compat.c
dngettext,0,bash-3.2/lib/intl/intl-compat.c
dcngettext,0,bash-3.2/lib/intl/intl-compat.c
textdomain,0,bash-3.2/lib/intl/intl-compat.c
bindtextdomain,0,bash-3.2/lib/intl/intl-compat.c
bind_textdomain_codeset,0,bash-3.2/lib/intl/intl-compat.c
savestring,0,bash-3.2/lib/readline/savestring.c
confstr,0,bash-3.2/examples/loadables/getconf.c
sysconf,0,bash-3.2/examples/loadables/getconf.c
pathconf,0,bash-3.2/examples/loadables/getconf.c
getconf_help,0,bash-3.2/examples/loadables/getconf.c
getconf_print,0,bash-3.2/examples/loadables/getconf.c
getconf_one,0,bash-3.2/examples/loadables/getconf.c
getconf_all,0,bash-3.2/examples/loadables/getconf.c
getconf_builtin,0,bash-3.2/examples/loadables/getconf.c
make_path,0,bash-3.2/examples/loadables/mkdir.c
mkdir_builtin,0,bash-3.2/examples/loadables/mkdir.c
make_child,0,bash-3.2/nojobs.c
xfree,0,bash-3.2/xmalloc.c
xmalloc,0,bash-3.2/lib/termcap/tparam.c
wait_for,0,bash-3.2/nojobs.c
rl_search_history,0,bash-3.2/lib/readline/isearch.c
_rl_isearch_init,0,bash-3.2/lib/readline/isearch.c
_rl_isearch_fini,0,bash-3.2/lib/readline/isearch.c
_rl_isearch_cleanup,0,bash-3.2/lib/readline/isearch.c
rl_display_search,0,bash-3.2/lib/readline/isearch.c
get_sys_tmpdir,0,bash-3.2/lib/sh/tmpfile.c
get_tmpdir,0,bash-3.2/lib/sh/tmpfile.c
sh_mktmpfp,0,bash-3.2/lib/sh/tmpfile.c
run_sigchld_trap,0,bash-3.2/jobs.c
wait_for_single_pid,0,bash-3.2/nojobs.c
sigchld_handler,0,bash-3.2/jobs.c
sigcont_sighandler,0,bash-3.2/jobs.c
sigstop_sighandler,0,bash-3.2/jobs.c
waitchld,0,bash-3.2/jobs.c
find_pipeline,0,bash-3.2/jobs.c
find_process,0,bash-3.2/jobs.c
current_working_directory,0,bash-3.2/jobs.c
job_working_directory,0,bash-3.2/jobs.c
isolate_tilde_prefix,0,bash-3.2/lib/readline/tilde.c
printable_job_status,0,bash-3.2/jobs.c
find_last_proc,0,bash-3.2/jobs.c
find_last_pid,0,bash-3.2/jobs.c
set_new_line_discipline,0,bash-3.2/jobs.c
map_over_jobs,0,bash-3.2/jobs.c
job_last_stopped,0,bash-3.2/jobs.c
job_last_running,0,bash-3.2/jobs.c
most_recent_job_in_state,0,bash-3.2/jobs.c
find_job,0,bash-3.2/jobs.c
print_job,0,bash-3.2/jobs.c
memory_out,0,bash-3.2/lib/termcap/tparam.c
process_exit_signal,0,bash-3.2/jobs.c
job_exit_status,0,bash-3.2/jobs.c
job_exit_signal,0,bash-3.2/jobs.c
set_job_status_and_cleanup,0,bash-3.2/jobs.c
raw_job_exit_status,0,bash-3.2/jobs.c
notify_of_job_status,0,bash-3.2/jobs.c
reset_job_indices,1,bash-3.2/jobs.c
cleanup_dead_jobs,0,bash-3.2/jobs.c
processes_in_job,0,bash-3.2/jobs.c
realloc_jobs_list,0,bash-3.2/jobs.c
compact_jobs_list,1,bash-3.2/jobs.c
discard_pipeline,0,bash-3.2/jobs.c
add_process,0,bash-3.2/jobs.c
print_pipeline,0,bash-3.2/jobs.c
pretty_print_job,0,bash-3.2/jobs.c
set_current_job,0,bash-3.2/jobs.c
reset_current,0,bash-3.2/jobs.c
set_job_running,0,bash-3.2/jobs.c
setjstatus,0,bash-3.2/jobs.c
mark_all_jobs_as_dead,0,bash-3.2/jobs.c
make_child,0,bash-3.2/jobs.c
reap_dead_jobs,0,bash-3.2/jobs.c
bgp_alloc,0,bash-3.2/jobs.c
bgp_add,0,bash-3.2/jobs.c
bgp_delete,0,bash-3.2/jobs.c
bgp_clear,0,bash-3.2/jobs.c
bgp_search,0,bash-3.2/jobs.c
bgp_prune,0,bash-3.2/jobs.c
tcgetpgrp,0,bash-3.2/jobs.c
making_children,0,bash-3.2/jobs.c
start_pipeline,0,bash-3.2/jobs.c
sh_unset_nodelay_mode,0,bash-3.2/lib/readline/shell.c
stop_making_children,0,bash-3.2/jobs.c
delete_job,1,bash-3.2/jobs.c
delete_old_job,0,bash-3.2/jobs.c
nohup_job,0,bash-3.2/jobs.c
terminate_stopped_jobs,0,bash-3.2/jobs.c
hangup_all_jobs,0,bash-3.2/jobs.c
file_error,0,bash-3.2/error.c
default_tty_job_signals,0,bash-3.2/jobs.c
list_one_job,0,bash-3.2/jobs.c
list_stopped_jobs,0,bash-3.2/jobs.c
list_running_jobs,0,bash-3.2/jobs.c
list_all_jobs,0,bash-3.2/jobs.c
main,0,bash-3.2/mksyntax.c
glue_prefix_and_suffix,0,bash-3.2/lib/readline/tilde.c
count_all_jobs,0,bash-3.2/nojobs.c
get_job_by_pid,0,bash-3.2/nojobs.c
restore_sigint_handler,0,bash-3.2/nojobs.c
wait_for_background_pids,0,bash-3.2/nojobs.c
wait_for,1,bash-3.2/jobs.c
usage,0,bash-3.2/lib/readline/examples/rl.c
notify_and_cleanup,0,bash-3.2/jobs.c
wait_for_job,0,bash-3.2/jobs.c
programming_error,0,bash-3.2/CWRU/misc/errlist.c
j_strsignal,0,bash-3.2/nojobs.c
ignore_tty_job_signals,0,bash-3.2/jobs.c
initialize_job_control,0,bash-3.2/jobs.c
get_tty_state,0,bash-3.2/jobs.c
delete_all_jobs,0,bash-3.2/jobs.c
nohup_all_jobs,0,bash-3.2/jobs.c
tilde_find_suffix,0,bash-3.2/lib/readline/tilde.c
end_job_control,0,bash-3.2/jobs.c
restart_job_control,0,bash-3.2/jobs.c
parse_long_options,0,bash-3.2/shell.c
parse_shell_options,0,bash-3.2/shell.c
bind_args,0,bash-3.2/shell.c
start_debugger,0,bash-3.2/shell.c
add_shopt_to_alist,0,bash-3.2/shell.c
run_shopt_alist,0,bash-3.2/shell.c
execute_env_file,0,bash-3.2/shell.c
run_startup_files,0,bash-3.2/shell.c
open_shell_script,0,bash-3.2/shell.c
set_bash_input,0,bash-3.2/shell.c
run_wordexp,0,bash-3.2/shell.c
uidget,0,bash-3.2/shell.c
init_interactive,0,bash-3.2/shell.c
init_noninteractive,0,bash-3.2/shell.c
set_shell_name,0,bash-3.2/shell.c
shell_initialize,0,bash-3.2/shell.c
shell_reinitialize,0,bash-3.2/shell.c
show_shell_usage,0,bash-3.2/shell.c
initialize_signals,0,bash-3.2/sig.c
whoami_builtin,0,bash-3.2/examples/loadables/whoami.c
tee_builtin,0,bash-3.2/examples/loadables/tee.c
strlist_from_word_list,0,bash-3.2/lib/sh/stringlist.c
strlist_to_word_list,0,bash-3.2/lib/sh/stringlist.c
_rl_read_file,0,bash-3.2/lib/readline/bind.c
_rl_init_file_error,0,bash-3.2/lib/readline/bind.c
_rl_read_init_file,0,bash-3.2/lib/readline/bind.c
glean_key_from_name,0,bash-3.2/lib/readline/bind.c
find_boolean_var,0,bash-3.2/lib/readline/bind.c
_rl_get_string_variable_value,0,bash-3.2/lib/readline/bind.c
substring_member_of_array,0,bash-3.2/lib/readline/bind.c
_rl_untranslate_macro_value,0,bash-3.2/lib/readline/bind.c
parser_if,0,bash-3.2/lib/readline/bind.c
parser_else,0,bash-3.2/lib/readline/bind.c
parser_endif,0,bash-3.2/lib/readline/bind.c
parser_include,0,bash-3.2/lib/readline/bind.c
handle_parser_directive,0,bash-3.2/lib/readline/bind.c
hack_special_boolean_var,0,bash-3.2/lib/readline/bind.c
sv_bell_style,0,bash-3.2/lib/readline/bind.c
sv_combegin,0,bash-3.2/lib/readline/bind.c
sv_compquery,0,bash-3.2/lib/readline/bind.c
sv_editmode,0,bash-3.2/lib/readline/bind.c
sv_isrchterm,0,bash-3.2/lib/readline/bind.c
sv_keymap,0,bash-3.2/lib/readline/bind.c
find_string_var,0,bash-3.2/lib/readline/bind.c
bool_to_int,0,bash-3.2/lib/readline/bind.c
_rl_get_keyname,0,bash-3.2/lib/readline/bind.c
_rl_macro_dumper_internal,0,bash-3.2/lib/readline/bind.c
initialize_shell_signals,0,bash-3.2/sig.c
set_sigwinch_handler,0,bash-3.2/sig.c
unset_sigwinch_handler,0,bash-3.2/sig.c
_path_readlink,0,bash-3.2/lib/sh/pathphys.c
add_undo_close_redirect,0,bash-3.2/redir.c
add_exec_redirect,0,bash-3.2/redir.c
add_undo_redirect,0,bash-3.2/redir.c
expandable_redirection_filename,0,bash-3.2/redir.c
stdin_redirection,0,bash-3.2/redir.c
do_redirection_internal,0,bash-3.2/redir.c
write_here_document,0,bash-3.2/redir.c
write_here_string,0,bash-3.2/redir.c
here_document_to_fd,0,bash-3.2/redir.c
redir_special_open,0,bash-3.2/redir.c
noclobber_open,0,bash-3.2/redir.c
redir_open,0,bash-3.2/redir.c
path_is_devfd,0,bash-3.2/lib/sh/eaccess.c
sh_stataccess,0,bash-3.2/lib/sh/eaccess.c
mindist,0,bash-3.2/lib/sh/spell.c
spdist,0,bash-3.2/lib/sh/spell.c
stpcpy,0,bash-3.2/lib/intl/dcigettext.c
tilde_expand,0,bash-3.2/lib/readline/tilde.c
cdesc,0,bash-3.2/mksyntax.c
getcstr,0,bash-3.2/mksyntax.c
addcstr,0,bash-3.2/mksyntax.c
addcchar,0,bash-3.2/mksyntax.c
addblanks,0,bash-3.2/mksyntax.c
load_lsyntax,0,bash-3.2/mksyntax.c
dump_lflags,0,bash-3.2/mksyntax.c
wcomment,0,bash-3.2/mksyntax.c
dump_lsyntax,0,bash-3.2/mksyntax.c
fsleep,0,bash-3.2/examples/loadables/sleep.c
convert,0,bash-3.2/examples/loadables/sleep.c
sleep_builtin,0,bash-3.2/examples/loadables/sleep.c
push_builtin,0,bash-3.2/examples/loadables/push.c
write_signames,0,bash-3.2/support/mksignames.c
_is_arithop,0,bash-3.2/expr.c
readtok,0,bash-3.2/expr.c
expr_streval,1,bash-3.2/expr.c
strlong,0,bash-3.2/expr.c
evalerror,0,bash-3.2/expr.c
pushexp,0,bash-3.2/expr.c
popexp,0,bash-3.2/expr.c
expr_unwind,1,bash-3.2/expr.c
expr_bind_variable,0,bash-3.2/expr.c
subexpr,0,bash-3.2/expr.c
expcomma,0,bash-3.2/expr.c
expassign,0,bash-3.2/expr.c
expcond,1,bash-3.2/expr.c
explor,0,bash-3.2/expr.c
expland,0,bash-3.2/expr.c
expbor,0,bash-3.2/expr.c
expbxor,0,bash-3.2/expr.c
expband,0,bash-3.2/expr.c
exp5,0,bash-3.2/expr.c
exp4,0,bash-3.2/expr.c
expshift,0,bash-3.2/expr.c
exp3,0,bash-3.2/expr.c
exp2,0,bash-3.2/expr.c
exppower,0,bash-3.2/expr.c
exp1,0,bash-3.2/expr.c
exp0,0,bash-3.2/expr.c
_is_multiop,0,bash-3.2/expr.c
template_builtin,0,bash-3.2/examples/loadables/template.c
main,0,bash-3.2/builtins/mkbuiltins.c
main,0,bash-3.2/lib/readline/examples/rltest.c
main,0,bash-3.2/lib/readline/examples/rlcat.c
main,0,bash-3.2/CWRU/misc/sigstat.c
main,0,bash-3.2/builtins/psize.c
main,0,bash-3.2/lib/readline/examples/fileman.c
main,0,bash-3.2/support/bashversion.c
main,0,bash-3.2/support/man2html.c
main,0,bash-3.2/lib/readline/examples/rl.c
main,0,bash-3.2/lib/readline/examples/excallback.c
main,0,bash-3.2/support/recho.c
main,0,bash-3.2/support/printenv.c
main,0,bash-3.2/shell.c
main,0,bash-3.2/lib/readline/examples/histexamp.c
main,0,bash-3.2/support/zecho.c
memory_error_and_abort,0,bash-3.2/lib/readline/xmalloc.c
programming_error,0,bash-3.2/error.c
reap_dead_jobs,0,bash-3.2/nojobs.c
set_tty_state,0,bash-3.2/nojobs.c
sh_get_env_value,0,bash-3.2/variables.c
sh_set_lines_and_columns,0,bash-3.2/variables.c
sh_single_quote,0,bash-3.2/lib/readline/shell.c
sh_unset_nodelay_mode,0,bash-3.2/general.c
start_pipeline,0,bash-3.2/nojobs.c
stop_making_children,0,bash-3.2/nojobs.c
stop_pipeline,0,bash-3.2/nojobs.c
strerror,0,bash-3.2/lib/sh/strerror.c
usage,0,bash-3.2/lib/readline/examples/rlcat.c
usage,0,bash-3.2/support/bashversion.c
usage,0,bash-3.2/support/man2html.c
xrealloc,0,bash-3.2/lib/termcap/tparam.c
xrealloc,0,bash-3.2/builtins/mkbuiltins.c
xrealloc,0,bash-3.2/lib/termcap/termcap.c
