id,funcPath,funcName
233,proftpd-1.3.5b/contrib/mod_deflate.c,deflate_netio_shutdown_cb
246,proftpd-1.3.5b/contrib/mod_deflate.c,deflate_netio_write_cb
949,proftpd-1.3.5b/lib/pr-syslog.c,pr_vsyslog
1230,proftpd-1.3.5b/src/xferlog.c,xferlog_write
1836,proftpd-1.3.5b/lib/tpl.c,tpl_dump
2139,proftpd-1.3.5b/utils/scoreboard.c,util_scoreboard_entry_read
2140,proftpd-1.3.5b/utils/scoreboard.c,util_scoreboard_scrub
3224,proftpd-1.3.5b/modules/mod_delay.c,delay_table_init
3524,proftpd-1.3.5b/src/log.c,pr_log_vwritefile
3848,proftpd-1.3.5b/modules/mod_log.c,do_log
4206,proftpd-1.3.5b/lib/tpl.c,tpl_oops
4924,proftpd-1.3.5b/contrib/mod_ratio.c,update_stats
4960,proftpd-1.3.5b/contrib/mod_ratio.c,ratio_post_cmd
5418,proftpd-1.3.5b/utils/ftpshut.c,show_usage
5725,proftpd-1.3.5b/lib/libcap/_makenames.c,main
6121,proftpd-1.3.5b/utils/ftpwho.c,show_usage
6149,proftpd-1.3.5b/src/scoreboard.c,pr_open_scoreboard
6200,proftpd-1.3.5b/src/scoreboard.c,pr_scoreboard_scrub
6336,proftpd-1.3.5b/src/wtmp.c,log_wtmp
6534,proftpd-1.3.5b/contrib/mod_snmp/packet.c,snmp_packet_write
6805,proftpd-1.3.5b/utils/ftpscrub.c,show_usage
8270,proftpd-1.3.5b/src/modules.c,modules_list
9792,proftpd-1.3.5b/lib/libltdl/lt__alloc.c,alloc_die_default
9919,proftpd-1.3.5b/tests/api/stubs.c,pr_trace_msg
9947,proftpd-1.3.5b/src/pidfile.c,pr_pidfile_write
10065,proftpd-1.3.5b/src/log.c,log_write
10321,proftpd-1.3.5b/contrib/mod_shaper.c,shaper_table_flush
10341,proftpd-1.3.5b/contrib/mod_shaper.c,shaper_table_init
11241,proftpd-1.3.5b/contrib/mod_exec.c,exec_ssystem
11664,proftpd-1.3.5b/contrib/mod_sftp/packet.c,sftp_ssh2_packet_send
11714,proftpd-1.3.5b/contrib/mod_sftp/packet.c,sftp_ssh2_packet_send_version
11873,proftpd-1.3.5b/contrib/mod_tls.c,tls_get_passphrase
12069,proftpd-1.3.5b/contrib/mod_tls.c,tls_passphrase_cb
12086,proftpd-1.3.5b/contrib/mod_tls.c,tls_get_pkcs12_passwd
12738,proftpd-1.3.5b/contrib/mod_tls.c,tls_netio_write_cb
13307,proftpd-1.3.5b/contrib/mod_radius.c,radius_send_packet
13748,proftpd-1.3.5b/utils/ftpcount.c,main
13966,proftpd-1.3.5b/src/fsio.c,sys_write
18491,proftpd-1.3.5b/utils/ftpcount.c,show_usage
19625,proftpd-1.3.5b/src/main.c,show_usage
20433,proftpd-1.3.5b/src/main.c,daemonize
20448,proftpd-1.3.5b/src/main.c,show_settings
21448,proftpd-1.3.5b/contrib/mod_snmp/db.c,snmp_db_open
23153,proftpd-1.3.5b/src/scoreboard.c,write_entry
23443,proftpd-1.3.5b/tests/api/stubs.c,pr_log_pri
23477,proftpd-1.3.5b/tests/api/stubs.c,pr_log_debug
25360,proftpd-1.3.5b/contrib/mod_sftp/keys.c,get_passphrase_cb
25373,proftpd-1.3.5b/contrib/mod_sftp/keys.c,get_passphrase
25665,proftpd-1.3.5b/contrib/mod_log_forensic.c,forensic_write_metadata
25688,proftpd-1.3.5b/contrib/mod_log_forensic.c,forensic_write_msgs
25801,proftpd-1.3.5b/contrib/mod_sftp/mod_sftp.c,sftp_get_client_version
25949,proftpd-1.3.5b/contrib/mod_sftp/mod_sftp.c,sftp_wrap_conn_denied_ev
28040,proftpd-1.3.5b/src/netio.c,core_netio_write_cb
28164,proftpd-1.3.5b/contrib/mod_sftp/agent.c,agent_request
28482,proftpd-1.3.5b/contrib/mod_quotatab_file.c,filetab_create
28512,proftpd-1.3.5b/contrib/mod_quotatab_file.c,filetab_write
28735,proftpd-1.3.5b/contrib/mod_snmp/mod_snmp.c,snmp_daemonize
29436,proftpd-1.3.5b/contrib/mod_quotatab.c,quotatab_fsio_write
30978,proftpd-1.3.5b/tests/api/tests.c,main
30979,proftpd-1.3.5b/utils/ftpscrub.c,main
30980,proftpd-1.3.5b/src/ftpdctl.c,main
30981,proftpd-1.3.5b/utils/ftpwho.c,main
30982,proftpd-1.3.5b/utils/ftpshut.c,main
30983,proftpd-1.3.5b/src/main.c,main
30984,proftpd-1.3.5b/utils/ftptop.c,main
